,player,pos,nation,born
2,Ainsley Maitland-Niles,"MF,DF",ENG,1997
3,Alexandre Lacazette,FW,FRA,1991
4,Bernd Leno,GK,GER,1992
5,Bukayo Saka,"FW,MF",ENG,2001
6,Calum Chambers,DF,ENG,1995
7,Cédric Soares,DF,POR,1991
8,Dani Ceballos,MF,ESP,1996
9,David Luiz,DF,BRA,1987
10,Eddie Nketiah,FW,ENG,1999
11,Emile Smith Rowe,"MF,FW",ENG,2000
12,Gabriel Magalhães,DF,BRA,1997
13,Gabriel Martinelli,FW,BRA,2001
14,Granit Xhaka,"MF,DF",SUI,1992
15,Héctor Bellerín,"DF,MF",ESP,1995
16,Joe Willock,MF,ENG,1999
17,Kieran Tierney,DF,SCO,1997
18,Martin Ødegaard,MF,NOR,1998
19,Mathew Ryan,GK,AUS,1992
20,Mohamed Elneny,MF,EGY,1992
21,Nicolas Pépé,FW,CIV,1995
22,Pablo Marí,DF,ESP,1993
23,Pierre-Emerick Aubameyang,FW,GAB,1989
24,Reiss Nelson,"FW,MF",ENG,1999
25,Rob Holding,DF,ENG,1995
26,Rúnar Alex Rúnarsson,GK,ISL,1995
27,Sead Kolašinac,DF,BIH,1993
28,Shkodran Mustafi,DF,GER,1992
29,Thomas Partey,MF,GHA,1993
30,Willian,FW,BRA,1988
31,Ahmed Elmohamady,DF,EGY,1987
32,Anwar El Ghazi,FW,NED,1995
33,Bertrand Traoré,FW,BFA,1995
34,Carney Chukwuemeka,"MF,FW",ENG,2003
35,Conor Hourihane,MF,IRL,1991
36,Douglas Luiz,MF,BRA,1998
37,Emiliano Martínez,GK,ARG,1992
38,Ezri Konsa,DF,ENG,1997
39,Jack Grealish,"FW,MF",ENG,1995
40,Jacob Ramsey,MF,ENG,2001
41,Jaden Philogene Bidace,FW,ENG,2002
42,John McGinn,MF,SCO,1994
43,Keinan Davis,"FW,MF",ENG,1998
44,Kortney Hause,DF,ENG,1995
45,Marvelous Nakamba,MF,ZIM,1994
46,Matt Targett,DF,ENG,1995
47,Matty Cash,DF,POL,1997
48,Morgan Sanson,MF,FRA,1994
49,Neil Taylor,DF,WAL,1989
50,Ollie Watkins,FW,ENG,1995
51,Ross Barkley,MF,ENG,1993
52,Trézéguet,FW,EGY,1994
53,Tyrone Mings,DF,ENG,1993
54,Wesley Moraes,FW,BRA,1996
55,Aaron Connolly,FW,IRL,2000
56,Adam Lallana,"MF,FW",ENG,1988
57,Adam Webster,DF,ENG,1995
58,Alexis Mac Allister,"MF,FW",ARG,1998
59,Alireza Jahanbakhsh,"FW,MF",IRN,1993
60,Andi Zeqiri,"FW,DF",SUI,1999
61,Ben White,"DF,MF",ENG,1997
62,Bernardo,"DF,MF",BRA,1995
63,Dan Burn,DF,ENG,1992
64,Danny Welbeck,FW,ENG,1990
65,Davy Pröpper,MF,NED,1991
66,Jakub Moder,"DF,MF",POL,1999
67,Jayson Molumby,MF,IRL,1999
68,José Izquierdo,DF,COL,1992
69,Joël Veltman,DF,NED,1992
70,Leandro Trossard,"MF,FW",BEL,1994
71,Lewis Dunk,DF,ENG,1991
73,Neal Maupay,"FW,MF",FRA,1996
74,Pascal Groß,"MF,DF",GER,1991
75,Percy Tau,FW,RSA,1994
76,Reda Khadra,MF,GER,2001
77,Robert Sánchez,GK,ESP,1997
78,Solly March,"DF,MF",ENG,1994
79,Steven Alzate,MF,COL,1998
80,Tariq Lamptey,"DF,MF",GHA,2000
81,Yves Bissouma,MF,MLI,1996
82,Ashley Barnes,FW,ENG,1989
83,Ashley Westwood,MF,ENG,1990
84,Bailey Peacock-Farrell,GK,NIR,1996
85,Ben Mee,DF,ENG,1989
86,Charlie Taylor,DF,ENG,1993
87,Chris Wood,FW,NZL,1991
88,Dale Stephens,MF,ENG,1989
89,Dwight McNeil,MF,ENG,1999
90,Erik Pieters,"DF,MF",NED,1988
91,Jack Cork,MF,ENG,1989
92,James Tarkowski,DF,ENG,1992
93,Jay Rodriguez,FW,ENG,1989
94,Jimmy Dunne,DF,IRL,1997
95,Joel Mumbongo,FW,SWE,1999
96,Josh Benson,MF,ENG,1999
97,Josh Brownhill,MF,ENG,1995
98,Jóhann Berg Guðmundsson,MF,ISL,1990
99,Kevin Long,DF,IRL,1990
100,Lewis Richardson,"FW,MF",ENG,2003
101,Matthew Lowton,DF,ENG,1989
102,Matěj Vydra,FW,CZE,1992
103,Nick Pope,GK,ENG,1992
104,Phil Bardsley,DF,SCO,1985
105,Robbie Brady,MF,IRL,1992
106,Will Norris,GK,ENG,1993
107,Andreas Christensen,DF,DEN,1996
108,Antonio Rüdiger,DF,GER,1993
109,Ben Chilwell,DF,ENG,1996
110,Billy Gilmour,MF,SCO,2001
111,Callum Hudson-Odoi,"FW,DF",ENG,2000
112,Christian Pulisic,"FW,MF",USA,1998
113,César Azpilicueta,DF,ESP,1989
114,Edouard Mendy,GK,SEN,1992
115,Emerson Palmieri,DF,ITA,1994
116,Fikayo Tomori,DF,ENG,1997
117,Hakim Ziyech,"MF,FW",MAR,1993
118,Jorginho,MF,ITA,1991
119,Kai Havertz,"MF,FW",GER,1999
120,Kepa Arrizabalaga,GK,ESP,1994
121,Kurt Zouma,DF,FRA,1994
122,Marcos Alonso,DF,ESP,1990
123,Mason Mount,MF,ENG,1999
124,Mateo Kovačić,MF,CRO,1994
125,N'Golo Kanté,MF,FRA,1991
126,Olivier Giroud,FW,FRA,1986
127,Reece James,DF,ENG,1999
128,Ross Barkley,"FW,MF",ENG,1993
129,Ruben Loftus-Cheek,FW,ENG,1996
130,Tammy Abraham,FW,ENG,1997
131,Thiago Silva,DF,BRA,1984
132,Timo Werner,"FW,MF",GER,1996
133,Willy Caballero,GK,ARG,1981
134,Andros Townsend,"MF,FW",ENG,1991
135,Cheikhou Kouyaté,DF,SEN,1989
136,Christian Benteke,FW,BEL,1990
137,Eberechi Eze,MF,ENG,1998
138,Gary Cahill,DF,ENG,1985
139,Jack Butland,GK,ENG,1993
140,James McArthur,MF,SCO,1987
141,James McCarthy,MF,IRL,1990
142,James Tomkins,DF,ENG,1989
143,Jaïro Riedewald,MF,NED,1996
144,Jean-Philippe Mateta,FW,FRA,1997
145,Jeffrey Schlupp,MF,GHA,1992
146,Joel Ward,DF,ENG,1989
147,Jordan Ayew,"FW,MF",GHA,1991
148,Luka Milivojević,MF,SRB,1991
149,Mamadou Sakho,DF,FRA,1990
150,Martin Kelly,DF,ENG,1990
151,Michy Batshuayi,FW,BEL,1993
152,Nathaniel Clyne,DF,ENG,1991
153,Patrick van Aanholt,DF,NED,1990
154,Scott Dann,DF,ENG,1987
155,Tyrick Mitchell,DF,ENG,1999
156,Vicente Guaita,GK,ESP,1987
157,Wilfried Zaha,FW,CIV,1992
158,Abdoulaye Doucouré,MF,MLI,1993
159,Alex Iwobi,"FW,MF",NGA,1996
160,Allan,MF,BRA,1991
161,André Gomes,MF,POR,1993
162,Anthony Gordon,"FW,MF",ENG,2001
163,Ben Godfrey,DF,ENG,1998
164,Bernard,"MF,FW",BRA,1992
165,Cenk Tosun,FW,TUR,1991
166,Dominic Calvert-Lewin,FW,ENG,1997
167,Fabian Delph,"MF,DF",ENG,1989
168,Gylfi Sigurðsson,"MF,FW",ISL,1989
169,James Rodríguez,"FW,MF",COL,1991
170,Jean-Philippe Gbamin,MF,CIV,1995
171,Jonjoe Kenny,DF,ENG,1997
172,Jordan Pickford,GK,ENG,1994
173,Joshua King,"MF,FW",NOR,1992
174,João Virgínia,GK,POR,1999
175,Lucas Digne,"DF,MF",FRA,1993
176,Mason Holgate,DF,JAM,1996
177,Michael Keane,DF,ENG,1993
178,Moise Kean,"FW,MF",ITA,2000
179,Nathan Broadhead,FW,WAL,1998
180,Niels Nkounkou,"DF,FW",FRA,2000
181,Richarlison,FW,BRA,1997
182,Robin Olsen,GK,SWE,1990
183,Séamus Coleman,"DF,MF",IRL,1988
184,Theo Walcott,FW,ENG,1989
185,Tom Davies,MF,ENG,1998
186,Yerry Mina,DF,COL,1994
187,Aboubakar Kamara,"FW,MF",MTN,1995
188,Ademola Lookman,"FW,MF",NGA,1997
189,Aleksandar Mitrović,FW,SRB,1994
190,Alphonse Areola,GK,FRA,1993
191,Andre-Frank Zambo Anguissa,MF,CMR,1995
192,Antonee Robinson,DF,USA,1997
193,Bobby De Cordova-Reid,"MF,FW",JAM,1993
194,Denis Odoi,DF,GHA,1988
195,Fabio Carvalho,"MF,FW",POR,2002
196,Harrison Reed,MF,ENG,1995
197,Ivan Cavaleiro,FW,POR,1993
198,Joachim Andersen,DF,DEN,1996
199,Joe Bryan,"DF,MF",ENG,1993
200,Josh Maja,FW,NGA,1998
201,Josh Onomah,MF,ENG,1997
202,Kenny Tete,"DF,MF",NED,1995
203,Marek Rodák,GK,SVK,1996
204,Mario Lemina,MF,GAB,1993
205,Maxime Le Marchand,DF,FRA,1989
206,Michael Hector,DF,JAM,1992
207,Neeskens Kebano,"FW,MF",COD,1992
208,Ola Aina,DF,NGA,1996
209,Ruben Loftus-Cheek,"MF,FW",ENG,1996
210,Terence Kongolo,DF,NED,1994
211,Tim Ream,DF,USA,1987
212,Tom Cairney,MF,SCO,1991
213,Tosin Adarabioyo,DF,ENG,1997
214,Tyrese Francois,DF,AUS,2000
215,Diego Llorente,DF,ESP,1993
216,Ezgjan Alioski,"DF,MF",MKD,1992
217,Gaetano Berardi,DF,SUI,1988
218,Hélder Costa,"MF,FW",ANG,1994
219,Ian Poveda,MF,ENG,2000
220,Illan Meslier,GK,FRA,2000
221,Jack Harrison,"MF,FW",ENG,1996
222,Jamie Shackleton,"MF,DF",ENG,1999
223,Kalvin Phillips,MF,ENG,1995
224,Kiko Casilla,GK,ESP,1986
225,Leif Davis,DF,ENG,2000
226,Liam Cooper,DF,SCO,1991
227,Luke Ayling,DF,ENG,1991
228,Mateusz Klich,MF,POL,1990
229,Niall Huggins,DF,WAL,2000
230,Pablo Hernández,MF,ESP,1985
231,Pascal Struijk,"DF,MF",NED,1999
232,Patrick Bamford,FW,ENG,1993
233,Raphinha,"MF,FW",BRA,1996
234,Robin Koch,"DF,MF",GER,1996
235,Rodrigo,"MF,FW",ESP,1991
236,Stuart Dallas,"MF,DF",NIR,1991
237,Tyler Roberts,"MF,FW",WAL,1999
238,Ayoze Pérez,"MF,FW",ESP,1993
239,Cengiz Ünder,"FW,MF",TUR,1997
240,Christian Fuchs,DF,AUT,1986
241,Daniel Amartey,DF,GHA,1994
242,Demarai Gray,FW,JAM,1996
243,Dennis Praet,MF,BEL,1994
244,Hamza Choudhury,MF,BAN,1997
245,Harvey Barnes,"FW,MF",ENG,1997
246,Islam Slimani,FW,ALG,1988
247,James Justin,DF,ENG,1998
248,James Maddison,MF,ENG,1996
249,Jamie Vardy,FW,ENG,1987
250,Jonny Evans,DF,NIR,1988
251,Kasper Schmeichel,GK,DEN,1986
252,Kelechi Iheanacho,FW,NGA,1996
253,Khanya Leshabela,MF,RSA,1999
254,Luke Thomas,DF,ENG,2001
255,Marc Albrighton,"DF,FW",ENG,1989
256,Nampalys Mendy,MF,SEN,1992
257,Ricardo Pereira,"DF,FW",POR,1993
259,Timothy Castagne,DF,BEL,1995
260,Wes Morgan,DF,JAM,1984
261,Wesley Fofana,DF,FRA,2000
262,Wilfred Ndidi,"MF,DF",NGA,1996
263,Youri Tielemans,MF,BEL,1997
264,Çağlar Söyüncü,DF,TUR,1996
265,Adrián,GK,ESP,1987
266,Alex Oxlade-Chamberlain,"MF,FW",ENG,1993
267,Alisson,GK,BRA,1992
268,Andrew Robertson,DF,SCO,1994
269,Caoimhín Kelleher,GK,IRL,1998
270,Curtis Jones,MF,ENG,2001
271,Diogo Jota,FW,POR,1996
272,Divock Origi,FW,BEL,1995
273,Fabinho,"DF,MF",BRA,1993
274,Georginio Wijnaldum,MF,NED,1990
275,James Milner,"MF,DF",ENG,1986
276,Joe Gomez,DF,ENG,1997
277,Jordan Henderson,"MF,DF",ENG,1990
278,Joël Matip,DF,CMR,1991
279,Kostas Tsimikas,"DF,FW",GRE,1996
280,Mohamed Salah,FW,EGY,1992
281,Naby Keïta,MF,GUI,1995
282,Nathaniel Phillips,DF,ENG,1997
283,Neco Williams,DF,WAL,2001
284,Ozan Kabak,DF,TUR,2000
285,Rhys Williams,DF,ENG,2001
286,Roberto Firmino,FW,BRA,1991
287,Sadio Mané,FW,SEN,1992
288,Takumi Minamino,"MF,FW",JPN,1995
289,Thiago Alcántara,MF,ESP,1991
290,Trent Alexander-Arnold,DF,ENG,1998
291,Virgil van Dijk,DF,NED,1991
292,Xherdan Shaqiri,"MF,FW",SUI,1991
293,Aymeric Laporte,DF,ESP,1994
294,Benjamin Mendy,DF,FRA,1994
295,Bernardo Silva,"MF,FW",POR,1994
296,Ederson,GK,BRA,1993
297,Eric García,DF,ESP,2001
298,Fernandinho,MF,BRA,1985
299,Ferrán Torres,"FW,MF",ESP,2000
300,Gabriel Jesus,FW,BRA,1997
301,John Stones,DF,ENG,1994
302,João Cancelo,"DF,MF",POR,1994
303,Kevin De Bruyne,MF,BEL,1991
304,Kyle Walker,DF,ENG,1990
305,Liam Delap,FW,ENG,2003
306,Nathan Aké,DF,NED,1995
307,Oleksandr Zinchenko,DF,UKR,1996
308,Phil Foden,"FW,MF",ENG,2000
309,Raheem Sterling,FW,ENG,1994
310,Riyad Mahrez,FW,ALG,1991
311,Rodri,MF,ESP,1996
312,Rúben Dias,DF,POR,1997
313,Scott Carson,GK,ENG,1985
314,Sergio Agüero,FW,ARG,1988
315,Zack Steffen,GK,USA,1995
316,İlkay Gündoğan,MF,GER,1990
317,Aaron Wan-Bissaka,DF,COD,1997
318,Alex Telles,DF,BRA,1992
319,Amad Diallo,FW,CIV,2002
320,Anthony Elanga,FW,SWE,2002
321,Anthony Martial,FW,FRA,1995
322,Axel Tuanzebe,DF,COD,1997
323,Brandon Williams,DF,ENG,2000
324,Bruno Fernandes,MF,POR,1994
325,Daniel James,FW,WAL,1997
326,David de Gea,GK,ESP,1990
327,Dean Henderson,GK,ENG,1997
328,Donny van de Beek,"MF,FW",NED,1997
329,Edinson Cavani,FW,URU,1987
330,Eric Bailly,DF,CIV,1994
331,Fred,MF,BRA,1993
332,Hannibal Mejbri,MF,TUN,2003
333,Harry Maguire,DF,ENG,1993
334,Juan Mata,"FW,MF",ESP,1988
335,Luke Shaw,DF,ENG,1995
336,Marcus Rashford,FW,ENG,1997
337,Mason Greenwood,FW,ENG,2001
338,Nemanja Matić,MF,SRB,1988
339,Odion Ighalo,FW,NGA,1989
340,Paul Pogba,"MF,FW",FRA,1993
341,Scott McTominay,MF,SCO,1996
342,Shola Shoretire,FW,ENG,2004
343,Timothy Fosu-Mensah,DF,NED,1998
344,Victor Lindelöf,DF,SWE,1994
345,Will Fish,FW,ENG,2003
346,Allan Saint-Maximin,"FW,MF",FRA,1997
347,Andy Carroll,FW,ENG,1989
348,Callum Wilson,FW,ENG,1992
349,Ciaran Clark,DF,IRL,1989
350,DeAndre Yedlin,DF,USA,1993
351,Dwight Gayle,"FW,MF",ENG,1990
352,Elliot Anderson,MF,ENG,2002
353,Emil Krafth,DF,SWE,1994
354,Fabian Schär,DF,SUI,1991
355,Federico Fernández,DF,ARG,1989
356,Isaac Hayden,"MF,DF",JAM,1995
357,Jacob Murphy,"DF,MF",ENG,1995
358,Jamaal Lascelles,DF,ENG,1993
359,Jamal Lewis,DF,NIR,1998
360,Javier Manquillo,DF,ESP,1994
361,Jeff Hendrick,MF,IRL,1992
363,Joelinton,"FW,MF",BRA,1996
364,Jonjo Shelvey,MF,ENG,1992
365,Karl Darlow,GK,WAL,1990
366,Martin Dúbravka,GK,SVK,1989
367,Matt Ritchie,"DF,MF",SCO,1989
368,Matthew Longstaff,MF,ENG,2000
369,Miguel Almirón,"MF,FW",PAR,1994
370,Paul Dummett,DF,WAL,1991
371,Ryan Fraser,"FW,MF",SCO,1994
372,Sean Longstaff,MF,ENG,1997
373,Aaron Ramsdale,GK,ENG,1998
374,Antwoine Hackford,DF,ENG,2004
375,Ben Osborn,"MF,DF",ENG,1994
376,Billy Sharp,FW,ENG,1986
377,Chris Basham,"DF,MF",ENG,1988
378,Daniel Jebbison,FW,CAN,2003
379,David McGoldrick,"FW,MF",IRL,1987
380,Enda Stevens,DF,IRL,1990
381,Ethan Ampadu,"DF,MF",WAL,2000
382,Femi Seriki,MF,ENG,2002
383,George Baldock,DF,GRE,1993
384,Iliman Ndiaye,MF,SEN,2000
385,Jack O'Connell,DF,ENG,1994
386,Jack Robinson,DF,ENG,1993
387,Jayden Bogle,"DF,MF",ENG,2000
388,John Egan,DF,IRL,1992
389,John Fleck,MF,SCO,1991
390,John Lundstram,MF,ENG,1994
391,Kean Bryan,DF,ENG,1996
392,Lys Mousset,"FW,MF",FRA,1996
393,Max Lowe,DF,ENG,1997
394,Oliver Burke,FW,SCO,1997
395,Oliver McBurnie,FW,SCO,1996
396,Oliver Norwood,MF,NIR,1991
397,Phil Jagielka,DF,ENG,1982
398,Rhian Brewster,"FW,MF",ENG,2000
399,Sander Berge,MF,NOR,1998
400,Alex McCarthy,GK,ENG,1989
401,Alexandre Jankewitz,MF,SUI,2001
402,Allan Tchaptchet,DF,FRA,2001
403,Caleb Watts,MF,AUS,2002
404,Che Adams,FW,SCO,1996
405,Dan Nlundulu,"FW,MF",ENG,1999
406,Danny Ings,FW,ENG,1992
407,Fraser Forster,GK,ENG,1988
408,Ibrahima Diallo,MF,FRA,1999
409,Jack Stephens,DF,ENG,1994
410,Jake Vokins,DF,ENG,2000
411,James Ward-Prowse,MF,ENG,1994
412,Jan Bednarek,DF,POL,1996
413,Jannik Vestergaard,DF,DEN,1992
414,Kayne Ramsey,DF,ENG,2000
415,Kyle Walker-Peters,DF,ENG,1997
416,Michael Obafemi,FW,IRL,2000
417,Mohammed Salisu,DF,GHA,1999
418,Moussa Djenepo,MF,MLI,1998
419,Nathan Redmond,"MF,FW",ENG,1994
420,Nathan Tella,"FW,MF",NGA,1999
421,Oriol Romeu,MF,ESP,1991
422,Ryan Bertrand,DF,ENG,1989
423,Shane Long,FW,IRL,1987
424,Stuart Armstrong,MF,SCO,1992
425,Takumi Minamino,MF,JPN,1995
426,Theo Walcott,"MF,FW",ENG,1989
427,William Smallbone,MF,IRL,2000
428,Yan Valery,"DF,MF",TUN,1999
429,Ben Davies,DF,WAL,1993
430,Carlos Vinícius,FW,BRA,1995
431,Dane Scarlett,FW,ENG,2004
432,Davinson Sánchez,DF,COL,1996
433,Dele Alli,MF,ENG,1996
434,Eric Dier,DF,ENG,1994
435,Gareth Bale,FW,WAL,1989
436,Giovani Lo Celso,MF,ARG,1996
437,Harry Kane,FW,ENG,1993
438,Harry Winks,MF,ENG,1996
439,Hugo Lloris,GK,FRA,1986
440,Japhet Tanganga,DF,ENG,1999
441,Joe Rodon,DF,WAL,1997
442,Lucas Moura,"FW,MF",BRA,1992
443,Matt Doherty,DF,IRL,1992
444,Moussa Sissoko,MF,FRA,1989
445,Pierre Højbjerg,MF,DEN,1995
446,Serge Aurier,DF,CIV,1992
447,Sergio Reguilón,DF,ESP,1996
448,Son Heung-min,FW,KOR,1992
449,Steven Bergwijn,"FW,MF",NED,1997
450,Tanguy Ndombele,MF,FRA,1996
451,Toby Alderweireld,DF,BEL,1989
452,Érik Lamela,"FW,MF",ARG,1992
453,Ahmed Hegazi,DF,EGY,1991
454,Ainsley Maitland-Niles,MF,ENG,1997
455,Branislav Ivanović,DF,SRB,1984
456,Callum Robinson,"FW,MF",IRL,1995
457,Charlie Austin,"FW,MF",ENG,1989
458,Conor Gallagher,MF,ENG,2000
459,Conor Townsend,DF,ENG,1993
460,Dara O'Shea,DF,IRL,1999
461,Darnell Furlong,DF,ENG,1995
462,David Button,GK,ENG,1989
463,Filip Krovinović,MF,CRO,1995
464,Grady Diangana,"MF,FW",COD,1998
465,Hal Robson-Kanu,FW,WAL,1989
466,Jake Livermore,MF,ENG,1989
467,Kamil Grosicki,"MF,FW",POL,1988
468,Karlan Grant,"FW,MF",ENG,1997
469,Kieran Gibbs,DF,ENG,1989
470,Kyle Bartley,DF,ENG,1991
471,Kyle Edwards,"MF,FW",ENG,1998
472,Lee Peltier,DF,ENG,1986
473,Matheus Pereira,"MF,FW",BRA,1996
474,Matt Phillips,MF,SCO,1991
475,Mbaye Diagne,FW,SEN,1991
476,Okay Yokuşlu,MF,TUR,1994
477,Rekeem Harper,MF,ENG,2000
478,Robert Snodgrass,"MF,FW",SCO,1987
479,Romaine Sawyers,MF,SKN,1991
480,Sam Field,MF,ENG,1998
481,Sam Johnstone,GK,ENG,1993
482,Semi Ajayi,DF,NGA,1993
483,Aaron Cresswell,DF,ENG,1989
484,Andriy Yarmolenko,"FW,MF",UKR,1989
485,Angelo Ogbonna,DF,ITA,1988
486,Arthur Masuaku,"DF,MF",COD,1993
487,Ben Johnson,"DF,FW",ENG,2000
488,Craig Dawson,DF,ENG,1990
489,Darren Randolph,GK,IRL,1987
490,Declan Rice,MF,ENG,1999
491,Fabián Balbuena,DF,PAR,1991
492,Felipe Anderson,"FW,MF",BRA,1993
493,Issa Diop,DF,FRA,1997
494,Jarrod Bowen,"FW,MF",ENG,1996
495,Jesse Lingard,"MF,FW",ENG,1992
496,Manuel Lanzini,"MF,FW",ARG,1993
497,Mark Noble,MF,ENG,1987
498,Michail Antonio,FW,JAM,1990
499,Pablo Fornals,"FW,MF",ESP,1996
500,Robert Snodgrass,"FW,MF",SCO,1987
501,Ryan Fredericks,"DF,FW",ENG,1992
502,Saïd Benrahma,"FW,MF",ALG,1995
503,Sébastien Haller,FW,CIV,1994
504,Tomáš Souček,MF,CZE,1995
505,Vladimír Coufal,DF,CZE,1992
506,Łukasz Fabiański,GK,POL,1985
507,Adama Traoré,"FW,MF",ESP,1996
508,Conor Coady,DF,ENG,1993
509,Daniel Podence,"MF,FW",POR,1995
510,Fernando Marçal,"DF,MF",BRA,1989
511,Fábio Silva,FW,POR,2002
512,John Ruddy,GK,ENG,1986
513,Jonny Castro,"MF,DF",ESP,1994
514,João Moutinho,MF,POR,1986
515,Ki-Jana Hoever,"DF,MF",NED,2002
516,Leander Dendoncker,"MF,DF",BEL,1995
517,Max Kilman,DF,ENG,1997
518,Morgan Gibbs-White,"MF,FW",ENG,2000
519,Nélson Semedo,"DF,MF",POR,1993
520,Oskar Buur,DF,DEN,1998
521,Owen Otasowie,"MF,FW",USA,2001
522,Patrick Cutrone,FW,ITA,1998
523,Pedro Neto,"FW,MF",POR,2000
524,Rayan Aït-Nouri,DF,ALG,2001
525,Raúl Jiménez,FW,MEX,1991
526,Romain Saïss,DF,MAR,1990
527,Rui Patrício,GK,POR,1988
528,Rúben Neves,MF,POR,1997
529,Rúben Vinagre,"MF,DF",POR,1999
530,Theo Corbeanu,FW,CAN,2002
531,Vitinha,MF,POR,2000
532,Willian José,FW,BRA,1991
533,Willy Boly,DF,CIV,1991
536,Albert Sambi Lokonga,MF,BEL,1999
538,Ben White,DF,ENG,1997
545,Folarin Balogun,FW,USA,2001
547,Gabriel Martinelli,"FW,MF",BRA,2001
550,Martin Ødegaard,"MF,FW",NOR,1998
552,Nicolas Pépé,"FW,MF",CIV,1995
553,Nuno Tavares,DF,POR,2000
556,Reiss Nelson,FW,ENG,1999
559,Takehiro Tomiyasu,DF,JPN,1998
561,Anwar El Ghazi,"FW,MF",NED,1995
562,Ashley Young,"DF,FW",ENG,1985
564,Bertrand Traoré,"MF,FW",BFA,1995
566,Cameron Archer,"FW,MF",ENG,2001
570,Emi Buendía,"MF,FW",ARG,1996
575,Jed Steer,GK,ENG,1992
577,Keinan Davis,FW,ENG,1998
579,Leon Bailey,"FW,MF",JAM,1997
580,Lucas Digne,DF,FRA,1993
586,Philippe Coutinho,"MF,FW",BRA,1992
588,Tim Iroegbunam,MF,ENG,2003
592,Bryan Mbeumo,FW,CMR,1999
593,Charlie Goode,DF,ENG,1995
594,Christian Eriksen,MF,DEN,1992
595,Christian Nørgaard,MF,DEN,1994
596,David Raya,GK,ESP,1995
597,Dominic Thompson,DF,ENG,2000
598,Ethan Pinnock,DF,JAM,1993
599,Finley Stevens,DF,WAL,2003
600,Frank Onyeka,MF,NGA,1998
601,Ivan Toney,FW,ENG,1996
602,Jonas Lössl,GK,DEN,1989
603,Josh Dasilva,"MF,FW",ENG,1998
604,Kristoffer Ajer,DF,NOR,1998
605,Mads Bech Sørensen,DF,DEN,1999
606,Mads Bidstrup,MF,DEN,2001
607,Mads Roerslev,DF,DEN,1999
608,Marcus Forss,"FW,MF",FIN,1999
609,Mathias Jensen,MF,DEN,1996
610,Mathias Jørgensen,DF,DEN,1990
611,Nathan Young-Coombes,MF,ENG,2003
612,Pontus Jansson,DF,SWE,1991
613,Rico Henry,DF,ENG,1997
614,Saman Ghoddos,"MF,DF",IRN,1993
615,Sergi Canós,"DF,FW",ESP,1997
616,Shandon Baptiste,MF,GRN,1998
617,Tariqe Fosu,DF,GHA,1995
618,Vitaly Janelt,MF,GER,1998
619,Yoane Wissa,FW,COD,1996
620,Álvaro Fernández,GK,ESP,1998
621,Aaron Connolly,"FW,MF",IRL,2000
622,Adam Lallana,MF,ENG,1988
626,Danny Welbeck,"FW,MF",ENG,1990
627,Enock Mwepu,MF,ZAM,1998
628,Evan Ferguson,MF,IRL,2004
629,Jakub Moder,MF,POL,1999
630,Jason Steele,GK,ENG,1990
631,Jeremy Sarmiento,"FW,MF",ECU,2002
633,Jürgen Locadia,"MF,FW",CUW,1993
634,Leandro Trossard,"FW,MF",BEL,1994
636,Marc Cucurella,DF,ESP,1998
637,Moisés Caicedo,MF,ECU,2001
638,Neal Maupay,FW,FRA,1996
641,Shane Duffy,DF,IRL,1992
642,Solly March,"DF,FW",ENG,1994
644,Tariq Lamptey,"DF,FW",GHA,2000
645,Taylor Richards,MF,ENG,2000
647,Aaron Lennon,"MF,FW",ENG,1987
653,Connor Roberts,DF,WAL,1995
656,Erik Pieters,DF,NED,1988
665,Maxwel Cornet,"FW,MF",CIV,1996
666,Nathan Collins,DF,IRL,2001
668,Wayne Hennessey,GK,WAL,1987
669,Wout Weghorst,FW,NED,1992
673,Callum Hudson-Odoi,"MF,FW",ENG,2000
674,Christian Pulisic,"MF,FW",USA,1998
680,Kai Havertz,"FW,MF",GER,1999
681,Kenedy,DF,BRA,1996
683,Malang Sarr,DF,FRA,1999
689,Romelu Lukaku,FW,BEL,1993
690,Ross Barkley,"MF,FW",ENG,1993
691,Ruben Loftus-Cheek,"MF,DF",ENG,1996
692,Saúl Ñíguez,"DF,MF",ESP,1994
695,Trevoh Chalobah,DF,ENG,1999
696,Cheikhou Kouyaté,MF,SEN,1989
699,Eberechi Eze,"MF,FW",ENG,1998
705,Jeffrey Schlupp,"MF,FW",GHA,1992
706,Jesurun Rak Sakyi,"FW,MF",ENG,2002
709,Jordan Ayew,FW,GHA,1991
711,Marc Guéhi,DF,ENG,2000
712,Michael Olise,"FW,MF",FRA,2001
713,Nathan Ferguson,DF,ENG,2000
715,Odsonne Édouard,FW,FRA,1998
719,Will Hughes,MF,ENG,1995
721,Alex Iwobi,"MF,DF",NGA,1996
725,Anthony Gordon,"MF,FW",ENG,2001
727,Asmir Begović,GK,BIH,1987
729,Cenk Tosun,MF,TUR,1991
730,Dele Alli,"MF,FW",ENG,1996
731,Demarai Gray,"MF,FW",JAM,1996
733,Donny van de Beek,MF,NED,1997
734,Ellis Simms,FW,ENG,2001
735,Fabian Delph,MF,ENG,1989
736,Isaac Price,MF,NIR,2003
737,Jarrad Branthwaite,DF,ENG,2002
741,Lewis Dobbin,"FW,MF",ENG,2003
745,Moise Kean,FW,ITA,2000
747,Salomón Rondón,FW,VEN,1989
748,Séamus Coleman,DF,IRL,1988
750,Tyler Onyango,MF,ENG,2003
751,Vitaliy Mykolenko,DF,UKR,1999
753,Adam Forshaw,MF,ENG,1991
754,Charlie Cresswell,DF,ENG,2002
755,Cody Drameh,"DF,MF",ENG,2001
756,Crysencio Summerville,"MF,FW",NED,2001
757,Daniel James,"FW,MF",WAL,1997
759,Hélder Costa,MF,ANG,1994
761,Jack Harrison,"FW,MF",ENG,1996
762,Jamie Shackleton,"DF,MF",ENG,1999
763,Joe Gelhardt,"FW,MF",ENG,2002
764,Junior Firpo,"DF,MF",DOM,1996
766,Kristoffer Klaesson,GK,NOR,2000
767,Leo Fuhr Hjelde,"MF,DF",NOR,2003
768,Lewis Bate,MF,ENG,2002
770,Liam McCarron,FW,SCO,2001
775,Raphinha,"FW,MF",BRA,1996
776,Robin Koch,"MF,DF",GER,1996
778,Sam Greenwood,"MF,FW",ENG,2002
779,Stuart Dallas,"DF,MF",NIR,1991
780,Stuart McKinstry,MF,SCO,2002
784,Boubakary Soumaré,MF,FRA,1999
786,Danny Ward,GK,WAL,1993
787,Hamza Choudhury,"DF,MF",BAN,1997
790,James Maddison,"MF,FW",ENG,1996
794,Kasey McAteer,FW,IRL,2001
797,Kiernan Dewsbury-Hall,MF,ENG,1998
798,Lewis Brunt,MF,ENG,2000
800,Marc Albrighton,"FW,DF",ENG,1989
802,Patson Daka,FW,ZAM,1998
803,Ricardo Pereira,DF,POR,1993
817,Fabinho,MF,BRA,1993
818,Harvey Elliott,MF,ENG,2003
819,Ibrahima Konaté,DF,FRA,1999
822,Jordan Henderson,MF,ENG,1990
824,Kaide Gordon,FW,ENG,2004
825,Kostas Tsimikas,DF,GRE,1996
826,Luis Díaz,FW,COL,1997
832,Takumi Minamino,"FW,MF",JPN,1995
835,Tyler Morton,MF,ENG,2002
840,CJ Egan-Riley,DF,ENG,2003
841,Cole Palmer,"FW,MF",ENG,2002
843,Fernandinho,"MF,DF",BRA,1985
844,Ferrán Torres,FW,ESP,2000
846,Jack Grealish,FW,ENG,1995
847,James Mcatee,"MF,FW",ENG,2002
849,João Cancelo,DF,POR,1994
850,Kayky Chagas,FW,BRA,2003
856,Phil Foden,FW,ENG,2000
864,Alejandro Garnacho,"FW,MF",ARG,2004
869,Cristiano Ronaldo,FW,POR,1985
872,Diogo Dalot,DF,POR,1999
877,Hannibal Mejbri,FW,TUN,2003
879,Jadon Sancho,"FW,MF",ENG,2000
880,Jesse Lingard,"FW,MF",ENG,1992
881,Juan Mata,MF,ESP,1988
883,Marcus Rashford,"FW,MF",ENG,1997
884,Mason Greenwood,"FW,MF",ENG,2001
887,Phil Jones,DF,ENG,1992
888,Raphaël Varane,DF,FRA,1993
890,Shola Shoretire,MF,ENG,2004
893,Bruno Guimarães,MF,BRA,1997
898,Dwight Gayle,"FW,DF",ENG,1990
902,Freddie Woodman,GK,ENG,1997
904,Jacob Murphy,"FW,DF",ENG,1995
910,Joelinton,"MF,FW",BRA,1996
913,Kieran Trippier,DF,ENG,1990
915,Matt Ritchie,DF,SCO,1989
921,Adam Idah,"FW,MF",IRL,2001
922,Andrew Omobamidele,DF,IRL,2002
923,Angus Gunn,GK,SCO,1996
924,Bali Mumba,DF,ENG,2001
925,Ben Gibson,DF,ENG,1993
928,Christoph Zimmermann,DF,GER,1993
929,Christos Tzolis,"FW,MF",GRE,2002
930,Dimitris Giannoulis,DF,GRE,1995
931,Grant Hanley,DF,SCO,1991
932,Jakob Sørensen,"MF,DF",DEN,1998
933,Jonathan Rowe,"FW,MF",ENG,2003
934,Josh Sargent,"FW,MF",USA,2000
935,Kenny McLean,MF,SCO,1992
936,Kieran Dowell,"FW,MF",ENG,1997
937,Lukas Rupp,MF,GER,1991
938,Mathias Normann,MF,NOR,1996
939,Max Aarons,DF,ENG,2000
940,Milot Rashica,"FW,MF",KVX,1996
942,Pierre Lees-Melou,MF,FRA,1993
943,Przemysław Płacheta,"FW,MF",POL,1998
944,Sam Byram,DF,ENG,1993
945,Teemu Pukki,FW,FIN,1990
946,Tim Krul,GK,NED,1988
947,Todd Cantwell,"FW,MF",ENG,1998
948,Tony Springett,"MF,FW",IRL,2002
949,Adam Armstrong,FW,ENG,1997
951,Armando Broja,FW,ALB,2001
959,Lyanco,DF,BRA,1997
960,Mohamed Elyounoussi,"MF,FW",NOR,1994
964,Nathan Tella,"MF,FW",NGA,1999
966,Romain Perraud,DF,FRA,1997
970,Valentino Livramento,DF,ENG,2002
971,William Smallbone,"MF,FW",IRL,2000
973,Yan Valery,DF,TUN,1999
975,Bryan Gil,"FW,MF",ESP,2001
976,Cristian Romero,DF,ARG,1998
977,Dane Scarlett,MF,ENG,2004
979,Dejan Kulusevski,"MF,FW",SWE,2000
981,Emerson,"DF,MF",BRA,1999
983,Giovani Lo Celso,"MF,FW",ARG,1996
991,Oliver Skipp,MF,ENG,2000
993,Rodrigo Bentancur,MF,URU,1997
994,Ryan Sessegnon,"DF,MF",ENG,2000
995,Sergio Reguilón,"DF,MF",ESP,1996
996,Son Heung-min,"MF,FW",KOR,1992
999,Adam Masina,DF,MAR,1994
1000,Ashley Fletcher,FW,ENG,1995
1001,Ben Foster,GK,ENG,1983
1002,Christian Kabasele,DF,BEL,1991
1003,Craig Cathcart,DF,NIR,1989
1004,Cucho,"FW,MF",COL,1999
1005,Dan Gosling,MF,ENG,1990
1006,Daniel Bachmann,GK,AUT,1994
1007,Danny Rose,DF,ENG,1990
1008,Edo Kayembe,MF,COD,1998
1009,Emmanuel Dennis,"FW,MF",NGA,1997
1010,Francisco Sierralta,DF,CHI,1997
1011,Hassane Kamara,DF,CIV,1994
1012,Imran Louza,MF,MAR,1999
1013,Ismaila Sarr,"FW,MF",SEN,1998
1015,Joshua King,FW,NOR,1992
1016,João Pedro,"FW,MF",BRA,2001
1017,Juraj Kucka,MF,SVK,1987
1018,Ken Sema,"MF,FW",SWE,1993
1019,Kiko Femenía,DF,ESP,1991
1021,Nicolas Nkoulou,DF,CMR,1990
1022,Oghenekaro Etebo,MF,NGA,1995
1023,Ozan Tufan,MF,TUR,1995
1024,Samir Santos,DF,BRA,1994
1025,Samuel Kalu,FW,NGA,1997
1026,Tom Cleverley,MF,ENG,1989
1027,Troy Deeney,FW,ENG,1988
1028,William Troost-Ekong,DF,NGA,1993
1030,Alex Král,MF,CZE,1998
1034,Arthur Masuaku,"DF,FW",COD,1993
1035,Ben Johnson,DF,ENG,2000
1037,Daniel Chesters,MF,ENG,2002
1039,Harrison Ashby,DF,SCO,2001
1041,Jarrod Bowen,FW,ENG,1996
1046,Nikola Vlašić,"FW,MF",CRO,1997
1048,Ryan Fredericks,DF,ENG,1992
1050,Sonny Perkins,MF,ENG,2004
1055,Chem Campbell,MF,WAL,2002
1056,Chiquinho,"DF,FW",POR,2000
1058,Daniel Podence,"FW,MF",POR,1995
1059,Fernando Marçal,"MF,DF",BRA,1989
1060,Francisco Trincão,"FW,MF",POR,1999
1062,Hwang Hee-chan,"FW,MF",KOR,1996
1064,Jonny Castro,DF,ESP,1994
1065,José Sá,GK,POR,1993
1068,Leander Dendoncker,MF,BEL,1995
1069,Luke Cundle,MF,ENG,2002
1071,Morgan Gibbs-White,"DF,FW",ENG,2000
1072,Nélson Semedo,"MF,DF",POR,1993
1074,Rayan Aït-Nouri,"DF,MF",ALG,2001
1078,Toti Gomes,DF,POR,1999
1083,Bukayo Saka,FW,ENG,2001
1087,Ethan Nwaneri,FW,ENG,2007
1088,Fabio Vieira,"MF,FW",POR,2000
1092,Granit Xhaka,MF,SUI,1992
1093,Jakub Kiwior,DF,POL,2000
1096,Leandro Trossard,FW,BEL,1994
1097,Marquinhos,MF,BRA,2003
1105,William Saliba,DF,FRA,2001
1106,Ashley Young,DF,ENG,1985
1107,Bertrand Traoré,"FW,MF",BFA,1995
1108,Boubacar Kamara,MF,FRA,1999
1109,Calum Chambers,"DF,MF",ENG,1995
1112,Diego Carlos,DF,BRA,1993
1117,Jacob Ramsey,"MF,FW",ENG,2001
1119,John McGinn,"MF,FW",SCO,1994
1120,Jáder Durán,"FW,MF",COL,2003
1124,Ludwig Augustinsson,DF,SWE,1994
1131,Álex Moreno,DF,ESP,1993
1132,Adam Smith,DF,ENG,1991
1133,Antoine Semenyo,"FW,MF",GHA,2000
1134,Ben Pearson,MF,ENG,1995
1135,Chris Mepham,DF,WAL,1997
1136,Dango Ouattara,"MF,FW",BFA,2002
1137,David Brooks,"FW,MF",WAL,1997
1138,Dominic Solanke,"FW,MF",ENG,1997
1139,Emiliano Marcondes,MF,DEN,1995
1140,Hamed Junior Traorè,"FW,MF",CIV,2000
1141,Illia Zabarnyi,DF,UKR,2002
1142,Jack Stacey,DF,ENG,1996
1144,Jaidon Anthony,"MF,FW",ENG,1999
1145,Jamal Lowe,"MF,FW",JAM,1994
1146,Jefferson Lerma,MF,COL,1994
1147,Joe Rothwell,MF,ENG,1995
1148,Jordan Zemura,DF,ZIM,1999
1149,Junior Stanislas,MF,ENG,1989
1150,Kieffer Moore,FW,WAL,1992
1151,Lewis Cook,MF,ENG,1997
1152,Lloyd Kelly,DF,ENG,1998
1153,Marcos Senesi,DF,ARG,1997
1154,Marcus Tavernier,"MF,FW",ENG,1999
1155,Mark Travers,GK,IRL,1999
1156,Matías Viña,DF,URU,1997
1157,Neto,GK,BRA,1989
1158,Owen Bevan,DF,WAL,2003
1159,Philip Billing,"MF,FW",DEN,1996
1160,Ryan Christie,"MF,FW",SCO,1995
1162,Siriki Dembélé,"FW,MF",CIV,1996
1163,Aaron Hickey,DF,SCO,2002
1170,Halil Dervişoğlu,MF,TUR,1999
1172,Josh Dasilva,MF,ENG,1998
1173,Keane Lewis-Potter,"FW,MF",ENG,2001
1174,Kevin Schade,FW,GER,2001
1176,Mads Bech Sørensen,"DF,MF",DEN,1999
1180,Mikkel Damsgaard,"MF,FW",DEN,2000
1183,Saman Ghoddos,"MF,FW",IRN,1993
1184,Sergi Canós,"FW,DF",ESP,1997
1186,Vitaly Janelt,"MF,DF",GER,1998
1190,Alexis Mac Allister,MF,ARG,1998
1191,Andrew Moran,FW,IRL,2003
1193,Cameron Peupion,MF,AUS,2002
1195,Deniz Undav,"FW,MF",GER,1996
1196,Enock Mwepu,"FW,MF",ZAM,1998
1197,Evan Ferguson,FW,IRL,2004
1198,Facundo Buonanotte,"FW,MF",ARG,2004
1199,Jack Hinshelwood,FW,ENG,2005
1200,Jan Paul van Hecke,DF,NED,2000
1202,Jeremy Sarmiento,MF,ECU,2002
1204,Julio Enciso,"FW,MF",PAR,2004
1205,Kaoru Mitoma,"FW,MF",JPN,1997
1207,Levi Colwill,DF,ENG,2003
1210,Odeluga Offiah,DF,ENG,2002
1212,Pervis Estupiñán,DF,ECU,1998
1214,Solly March,"FW,DF",ENG,1994
1215,Tariq Lamptey,DF,GHA,2000
1216,Yasin Ayari,MF,SWE,2003
1218,Ben Chilwell,"DF,MF",ENG,1996
1219,Benoît Badiashile,DF,FRA,2001
1221,Christian Pulisic,"FW,DF",USA,1998
1224,David Datro Fofana,FW,CIV,2002
1225,Denis Zakaria,MF,SUI,1996
1227,Enzo Fernández,MF,ARG,2001
1228,Hakim Ziyech,"FW,MF",MAR,1993
1230,João Félix,"FW,MF",POR,1999
1232,Kalidou Koulibaly,DF,SEN,1991
1234,Lewis Hall,DF,ENG,2004
1236,Mason Mount,"MF,FW",ENG,1999
1238,Mykhailo Mudryk,"FW,MF",UKR,2001
1240,Noni Madueke,FW,ENG,2002
1241,Omari Hutchinson,FW,ENG,2003
1243,Raheem Sterling,"FW,MF",ENG,1994
1244,Reece James,"DF,MF",ENG,1999
1250,Cheick Doucouré,MF,MLI,2000
1251,Chris Richards,DF,USA,2000
1252,David Ozoh,FW,ENG,2005
1256,Jaïro Riedewald,"DF,MF",NED,1996
1262,Joseph Whitworth,GK,ENG,2004
1264,Malcolm Ebiowei,"MF,FW",ENG,2003
1267,Naouirou Ahamada,"MF,FW",FRA,2002
1273,Wilfried Zaha,"FW,MF",CIV,1992
1276,Alex Iwobi,"MF,FW",NGA,1996
1277,Amadou Onana,MF,BEL,2001
1278,Anthony Gordon,FW,ENG,2001
1283,Demarai Gray,"FW,MF",JAM,1996
1285,Dwight McNeil,"FW,MF",ENG,1999
1287,Idrissa Gana Gueye,MF,SEN,1989
1289,James Garner,"MF,DF",ENG,2001
1294,Nathan Patterson,"DF,MF",SCO,2001
1296,Rúben Vinagre,"DF,MF",POR,1999
1299,Thomas Cannon,FW,IRL,2002
1304,Andreas Pereira,MF,BRA,1996
1307,Bobby De Cordova-Reid,"FW,DF",JAM,1993
1312,Harry Wilson,FW,WAL,1997
1314,Jay Stansfield,FW,ENG,2002
1316,João Palhinha,MF,POR,1995
1317,Kenny Tete,DF,NED,1995
1318,Kevin Mbabu,"DF,FW",SUI,1995
1319,Layvin Kurzawa,DF,FRA,1992
1320,Luke Harris,"MF,FW",WAL,2005
1321,Manor Solomon,FW,ISR,1999
1323,Nathaniel Chalobah,MF,ENG,1994
1324,Neeskens Kebano,FW,COD,1992
1325,Saša Lukić,MF,SRB,1996
1326,Shane Duffy,"DF,FW",IRL,1992
1330,Tyrese Francois,FW,AUS,2000
1333,Brenden Aaronson,"MF,FW",USA,2000
1334,Cody Drameh,DF,ENG,2001
1335,Crysencio Summerville,FW,NED,2001
1337,Darko Gyabi,FW,ENG,2004
1339,Georginio Rutter,"FW,MF",FRA,2002
1342,Joe Gelhardt,FW,ENG,2002
1343,Joel Robles,GK,ESP,1990
1344,Junior Firpo,DF,DOM,1996
1346,Luis Sinisterra,FW,COL,1999
1348,Marc Roca,MF,ESP,1996
1349,Mateo Joseph,"FW,MF",ESP,2003
1350,Mateusz Klich,"MF,FW",POL,1990
1351,Maximilian Wöber,DF,AUT,1998
1352,Pascal Struijk,DF,NED,1999
1354,Rasmus Kristensen,DF,DEN,1997
1355,Robin Koch,DF,GER,1996
1356,Rodrigo,"FW,MF",ESP,1991
1358,Tyler Adams,MF,USA,1999
1359,Weston McKennie,MF,USA,1998
1360,Wilfried Gnonto,"FW,MF",ITA,2003
1364,Daniel Iversen,GK,DEN,1997
1366,Dennis Praet,"MF,FW",BEL,1994
1367,Harry Souttar,DF,AUS,1998
1373,Kelechi Iheanacho,"FW,MF",NGA,1996
1375,Lewis Brunt,DF,ENG,2000
1377,Marc Albrighton,"FW,MF",ENG,1989
1380,Ricardo Pereira,"DF,MF",POR,1993
1381,Tetê,FW,BRA,2000
1383,Victor Bernth Kristiansen,DF,DEN,2002
1385,Wilfred Ndidi,MF,NGA,1996
1386,Wout Faes,DF,BEL,1998
1389,Alex Oxlade-Chamberlain,"FW,MF",ENG,1993
1392,Ben Gannon-Doak,FW,SCO,2005
1393,Bobby Clark,MF,ENG,2005
1395,Cody Gakpo,"FW,MF",NED,1999
1397,Darwin Núñez,FW,URU,1999
1401,Harvey Elliott,"MF,FW",ENG,2003
1412,Roberto Firmino,"FW,MF",BRA,1991
1413,Stefan Bajcetic,MF,ESP,2004
1419,Cole Palmer,"MF,FW",ENG,2002
1421,Erling Haaland,FW,NOR,2000
1423,John Stones,"DF,MF",ENG,1994
1425,Julián Álvarez,"FW,MF",ARG,2000
1429,Manuel Akanji,DF,SUI,1995
1430,Máximo Perrone,MF,ARG,2003
1433,Rico Lewis,"DF,MF",ENG,2004
1434,Riyad Mahrez,"FW,MF",ALG,1991
1437,Sergio Gómez,"DF,MF",ESP,2000
1438,Shea Charles,DF,NIR,2003
1439,Stefan Ortega,GK,GER,1992
1445,Antony,FW,BRA,2000
1446,Bruno Fernandes,"MF,FW",POR,1994
1447,Casemiro,MF,BRA,1992
1453,Facundo Pellistri,"FW,MF",URU,2001
1457,Kobbie Mainoo,MF,ENG,2005
1458,Lisandro Martínez,DF,ARG,1998
1460,Marcel Sabitzer,MF,AUT,1994
1464,Tyrell Malacia,DF,NED,1999
1466,Wout Weghorst,"FW,MF",NED,1992
1467,Alexander Isak,FW,SWE,1999
1468,Allan Saint-Maximin,FW,FRA,1997
1474,Elliot Anderson,"MF,FW",ENG,2002
1477,Jacob Murphy,FW,ENG,1995
1479,Jamal Lewis,"DF,FW",NIR,1998
1485,Lewis Miley,MF,ENG,2006
1487,Matt Ritchie,"FW,MF",SCO,1989
1489,Miguel Almirón,FW,PAR,1994
1491,Ryan Fraser,FW,SCO,1994
1493,Sven Botman,DF,NED,2000
1494,Alex Mighten,FW,ENG,2002
1495,André Ayew,"FW,MF",GHA,1989
1496,Brennan Johnson,"FW,MF",WAL,2001
1497,Cafú,MF,POR,1993
1500,Danilo,MF,BRA,2001
1503,Felipe,DF,BRA,1989
1504,Giulian Biancone,DF,FRA,2000
1505,Gustavo Scarpa,"MF,FW",BRA,1994
1506,Harry Toffolo,DF,ENG,1995
1507,Jack Colback,MF,ENG,1989
1509,Joe Worrall,DF,ENG,1997
1511,Keylor Navas,GK,CRC,1986
1512,Lewis O'Brien,MF,ENG,1998
1514,Moussa Niakhate,DF,SEN,1996
1516,Orel Mangala,MF,BEL,1998
1517,Remo Freuler,MF,SUI,1992
1518,Renan Lodi,DF,BRA,1998
1519,Ryan Yates,MF,ENG,1997
1520,Sam Surridge,FW,ENG,1998
1521,Scott McKenna,DF,SCO,1996
1523,Steve Cook,DF,ENG,1991
1524,Taiwo Awoniyi,FW,NGA,1997
1527,Adam Armstrong,"FW,MF",ENG,1997
1528,Ainsley Maitland-Niles,"DF,MF",ENG,1997
1530,Armel Bella Kotchap,DF,GER,2001
1531,Carlos Alcaraz,"MF,FW",ARG,2002
1533,Dominic Ballard,"FW,MF",ENG,2005
1534,Duje Ćaleta-Car,DF,CRO,1996
1535,Gavin Bazunu,GK,IRL,2002
1538,James Bree,DF,ENG,1997
1541,Joe Aribo,"MF,FW",NGA,1996
1542,Juan Larios,DF,ESP,2004
1543,Kamaldeen Sulemana,"FW,MF",GHA,2002
1544,Kami Doyle,MF,ENG,2005
1547,Mislav Oršić,MF,CRO,1992
1550,Moussa Djenepo,"DF,FW",MLI,1998
1551,Nathan Redmond,DF,ENG,1994
1553,Paul Onuachu,FW,NGA,1994
1555,Roméo Lavia,MF,BEL,2004
1556,Samuel Amo-Ameyaw,MF,ENG,2006
1557,Samuel Edozie,"FW,MF",ENG,2003
1558,Sekou Mara,"FW,MF",FRA,2002
1559,Stuart Armstrong,"MF,FW",SCO,1992
1560,Theo Walcott,"FW,MF",ENG,1989
1561,Valentino Livramento,"DF,FW",ENG,2002
1563,Arnaut Danjuma,"FW,MF",NED,1997
1565,Bryan Gil,"MF,FW",ESP,2001
1566,Clément Lenglet,DF,FRA,1995
1570,Djed Spence,"FW,DF",ENG,2000
1571,Emerson,DF,BRA,1999
1574,George Abbott,MF,ENG,2005
1576,Harvey White,MF,ENG,2001
1578,Ivan Perišić,"DF,MF",CRO,1989
1580,Lucas Moura,"MF,DF",BRA,1992
1581,Matt Doherty,"DF,MF",IRL,1992
1582,Matthew Craig,MF,SCO,2003
1584,Pape Matar Sarr,"MF,FW",SEN,2002
1585,Pedro Porro,"DF,MF",ESP,1999
1587,Richarlison,"MF,FW",BRA,1997
1589,Ryan Sessegnon,DF,ENG,2000
1596,Conor Coventry,"MF,FW",IRL,2000
1600,Divin Mubama,FW,ENG,2004
1602,Flynn Downes,MF,ENG,1999
1603,Gianluca Scamacca,FW,ITA,1999
1606,Lucas Paquetá,MF,BRA,1997
1608,Maxwel Cornet,FW,CIV,1996
1610,Nayef Aguerd,DF,MAR,1996
1613,Thilo Kehrer,DF,GER,1996
1618,Boubacar Traoré,MF,MLI,2001
1619,Chem Campbell,"FW,MF",WAL,2002
1620,Connor Ronan,MF,IRL,1998
1622,Daniel Bentley,GK,ENG,1993
1624,Dexter Lembikisa,DF,JAM,2003
1625,Diego Costa,FW,ESP,1988
1626,Gonçalo Guedes,"FW,MF",POR,1996
1627,Hugo Bueno,DF,ESP,2002
1630,Joseph Hodge,MF,IRL,2002
1632,João Gomes,MF,BRA,2001
1636,Matheus Cunha,FW,BRA,1999
1637,Matheus Nunes,MF,POR,1998
1639,Morgan Gibbs-White,"FW,MF",ENG,2000
1641,Nélson Semedo,DF,POR,1993
1642,Pablo Sarabia,"FW,MF",ESP,1992
1647,Sasa Kalajdzic,FW,AUT,1997
1656,Emile Smith Rowe,MF,ENG,2000
1664,Jurriën Timber,DF,NED,2001
1672,Thomas Partey,"MF,DF",GHA,1993
1674,Bertrand Traoré,"DF,FW",BFA,1995
1676,Calum Chambers,"MF,DF",ENG,1995
1677,Cameron Archer,MF,ENG,2001
1683,Finley Munroe,MF,ENG,2005
1684,Jacob Ramsey,"FW,MF",ENG,2001
1688,Kaine Kesler-Hayden,"MF,DF",ENG,2002
1690,Leon Bailey,"MF,FW",JAM,1997
1693,Morgan Rogers,"MF,FW",ENG,2002
1694,Moussa Diaby,"FW,MF",FRA,1999
1695,Nicolò Zaniolo,"FW,MF",ITA,1999
1697,Omari Kellyman,FW,ENG,2005
1698,Pau Torres,DF,ESP,1997
1703,Youri Tielemans,"MF,FW",BEL,1997
1706,Alex Scott,MF,ENG,2003
1707,Antoine Semenyo,FW,GHA,2000
1709,Dango Ouattara,"FW,DF",BFA,2002
1711,Dominic Sadi,FW,ENG,2003
1712,Dominic Solanke,FW,ENG,1997
1713,Enes Ünal,"FW,MF",TUR,1997
1714,Hamed Junior Traorè,MF,CIV,2000
1716,Ionuț Radu,GK,ROU,1997
1717,Jaidon Anthony,FW,ENG,1999
1718,James Hill,DF,ENG,2002
1720,Justin Kluivert,"MF,FW",NED,1999
1721,Kieffer Moore,"FW,MF",WAL,1992
1724,Luis Sinisterra,"FW,MF",COL,1999
1726,Marcus Tavernier,FW,ENG,1999
1729,Milos Kerkez,DF,HUN,2003
1731,Philip Billing,MF,DEN,1996
1732,Romain Faivre,"MF,FW",FRA,1998
1733,Ryan Christie,MF,SCO,1995
1742,Josh Dasilva,"DF,FW",ENG,1998
1743,Keane Lewis-Potter,"FW,DF",ENG,2001
1744,Kevin Schade,"FW,MF",GER,2001
1747,Mark Flekken,GK,NED,1993
1750,Michael Olakigbe,"DF,FW",ENG,2004
1751,Mikkel Damsgaard,MF,DEN,2000
1752,Myles Peart-Harris,"DF,MF",ENG,2002
1756,Saman Ghoddos,DF,IRN,1993
1759,Thomas Strakosha,GK,ALB,1995
1761,Yehor Yarmoliuk,MF,UKR,2004
1765,Ansu Fati,"MF,FW",ESP,2002
1766,Bart Verbruggen,GK,NED,2002
1767,Benicio Boaitey,"FW,DF",ENG,2004
1769,Carlos Baleba,MF,CMR,2004
1773,Igor,DF,BRA,1998
1774,Jack Hinshelwood,DF,ENG,2005
1775,Jakub Moder,"MF,DF",POL,1999
1776,James Milner,"DF,MF",ENG,1986
1781,Julio Enciso,"MF,FW",PAR,2004
1782,Kaoru Mitoma,FW,JPN,1997
1784,Mahmoud Dahoud,MF,GER,1996
1785,Mark O'Mahony,FW,IRL,2005
1789,Simon Adingra,FW,CIV,2002
1792,Valentín Barco,"DF,FW",ARG,2004
1793,Aaron Ramsey,"MF,FW",ENG,2003
1794,Ameen Al-Dakhil,DF,BEL,2002
1795,Anass Zaroury,"FW,MF",MAR,2000
1796,Arijanet Muric,GK,KVX,1998
1797,Benson Manuel,"MF,FW",ANG,1997
1802,Han-Noah Massengo,"MF,DF",FRA,2001
1803,Hannes Delcroix,DF,HAI,1999
1804,Hjalmar Ekdal,DF,SWE,1998
1806,Jacob Bruun Larsen,"MF,FW",DEN,1998
1807,James Trafford,GK,ENG,2002
1809,Jordan Beyer,DF,GER,2000
1811,Josh Cullen,MF,IRL,1996
1812,Jóhann Berg Guðmundsson,"MF,FW",ISL,1990
1813,Lorenz Assignon,DF,TOG,2000
1814,Luca Koleosho,"MF,FW",ITA,2004
1815,Lyle Foster,"FW,MF",RSA,2000
1816,Maxime Estève,DF,FRA,2002
1817,Michael Obafemi,"FW,MF",IRL,2000
1818,Mike Trésor,"FW,MF",BEL,1999
1819,Nathan Redmond,"FW,MF",ENG,1994
1821,Vitinho,"DF,MF",BRA,1999
1822,Wilson Odobert,"MF,FW",FRA,2004
1823,Zeki Amdouni,FW,SUI,2000
1824,Alex Matos,MF,ENG,2004
1825,Alfie Gilchrist,DF,ENG,2003
1827,Axel Disasi,DF,FRA,1998
1831,Cesare Casadei,"FW,MF",ITA,2003
1832,Christopher Nkunku,"FW,MF",FRA,1997
1835,Deivid Washington,"DF,FW",BRA,2005
1837,Ian Maatsen,"FW,MF",NED,2002
1838,Jimi Tauriainen,FW,ENG,2004
1839,Joshua Acheampong,DF,ENG,2006
1840,Lesley Ugochukwu,MF,FRA,2004
1842,Malo Gusto,DF,FRA,2003
1844,Mason Burstow,FW,ENG,2003
1846,Mykhailo Mudryk,FW,UKR,2001
1847,Nicolas Jackson,FW,SEN,2001
1855,Đorđe Petrović,GK,SRB,1999
1856,Adam Wharton,MF,ENG,2004
1858,Chris Richards,"DF,MF",USA,2000
1859,Daniel Muñoz,"DF,MF",COL,1996
1860,David Ozoh,"MF,DF",ENG,2005
1864,Jaïro Riedewald,"MF,FW",NED,1996
1866,Jefferson Lerma,"MF,DF",COL,1994
1867,Jeffrey Schlupp,"FW,MF",GHA,1992
1868,Jesurun Rak Sakyi,"MF,FW",ENG,2002
1873,Matheus França,"MF,FW",BRA,2004
1877,Odsonne Édouard,"FW,MF",FRA,1998
1878,Remi Matthews,GK,ENG,1994
1880,Tyrick Mitchell,"DF,MF",ENG,1999
1882,Abdoulaye Doucouré,"FW,MF",MLI,1993
1883,Alex Iwobi,MF,NGA,1996
1885,André Gomes,"MF,FW",POR,1993
1886,Arnaut Danjuma,"MF,FW",NED,1997
1887,Ashley Young,"DF,MF",ENG,1985
1889,Beto,FW,GNB,1998
1891,Dwight McNeil,"MF,FW",ENG,1999
1894,James Garner,MF,ENG,2001
1898,Lewis Dobbin,MF,ENG,2003
1899,Lewis Warrington,FW,ENG,2002
1901,Nathan Patterson,DF,SCO,2001
1907,Youssef Chermiti,FW,POR,2004
1915,Bobby De Cordova-Reid,FW,JAM,1993
1916,Calvin Bassey,DF,NGA,1999
1918,Fodé Ballo-Touré,"DF,MF",SEN,1997
1924,Luke Harris,MF,WAL,2005
1926,Rodrigo Muniz,FW,BRA,2001
1940,Conor Bradley,DF,NIR,2003
1944,Dominik Szoboszlai,MF,HUN,2000
1947,James McConnell,MF,ENG,2004
1948,Jarell Quansah,DF,ENG,2003
1949,Jayden Danns,FW,ENG,2006
1956,Owen Beck,DF,WAL,2002
1957,Ryan Gravenberch,MF,NED,2002
1962,Wataru Endo,MF,JPN,1993
1964,Alfie Doughty,DF,ENG,1999
1965,Amari'i Bell,DF,JAM,1994
1967,Carlton Morris,"FW,MF",ENG,1995
1968,Cauley Woodrow,"FW,MF",ENG,1994
1969,Chiedozie Ogbene,"MF,DF",IRL,1997
1970,Daiki Hashioka,DF,JPN,1999
1971,Elijah Adebayo,FW,ENG,1998
1972,Fred Onyedinma,"DF,MF",ENG,1996
1973,Gabriel Osho,DF,NGA,1998
1974,Issa Kaboré,DF,BFA,2001
1975,Jacob Brown,"MF,FW",SCO,1998
1976,James Shea,GK,ENG,1991
1977,Jordan Clark,MF,ENG,1993
1978,Joseph Johnson,DF,ENG,2006
1979,Luke Berry,"MF,DF",ENG,1992
1980,Mads Juel Andersen,DF,DEN,1997
1982,Pelly Ruddock Mpanzu,MF,COD,1993
1983,Reece Burke,DF,ENG,1996
1985,Ryan Giles,"DF,MF",ENG,2000
1986,Tahith Chong,"MF,FW",CUW,1999
1987,Teden Mengi,DF,ENG,2002
1988,Thomas Kaminski,GK,BEL,1992
1989,Tom Lockyer,DF,WAL,1994
1990,Zack Nelson,"MF,DF",ENG,2004
1993,Cole Palmer,MF,ENG,2002
1997,James Mcatee,MF,ENG,2002
1998,Jeremy Doku,"FW,MF",BEL,2002
2000,Joško Gvardiol,DF,CRO,2002
2001,Julián Álvarez,"MF,FW",ARG,2000
2005,Manuel Akanji,"DF,MF",SUI,1995
2009,Oscar Bobb,"FW,MF",NOR,2003
2014,Sergio Gómez,"FW,MF",ESP,2000
2017,Alejandro Garnacho,FW,ARG,2004
2018,Amad Diallo,"FW,MF",CIV,2002
2019,André Onana,GK,CMR,1996
2023,Casemiro,"MF,DF",BRA,1992
2025,Daniel Gore,MF,ENG,2004
2027,Donny van de Beek,DF,NED,1997
2028,Ethan Wheatley,FW,ENG,2006
2030,Hannibal Mejbri,"MF,FW",TUN,2003
2039,Omari Forson,FW,ENG,2004
2041,Rasmus Højlund,FW,DEN,2003
2042,Scott McTominay,"MF,FW",SCO,1996
2044,Sofyan Amrabat,"MF,DF",MAR,1996
2046,Willy Kambwala,DF,FRA,2004
2047,Alex Murphy,"DF,FW",IRL,2004
2049,Amadou Diallo,MF,ENG,2003
2051,Ben Parkinson,FW,ENG,2005
2061,Joe White,MF,ENG,2002
2067,Loris Karius,GK,GER,1993
2071,Michael Ndiweni,FW,ENG,2003
2075,Sandro Tonali,MF,ITA,2000
2080,Andrey Santos,MF,BRA,2004
2081,Anthony Elanga,"FW,MF",SWE,2002
2082,Brandon Aguilera,FW,CRC,2003
2084,Callum Hudson-Odoi,"FW,MF",ENG,2000
2090,Gio Reyna,"FW,MF",USA,2002
2091,Gonzalo Montiel,DF,ARG,1997
2093,Ibrahim Sangaré,MF,CIV,1997
2095,Matt Turner,GK,USA,1994
2096,Matz Sels,GK,BEL,1992
2099,Murillo,DF,BRA,2002
2101,Nicolás Domínguez,"MF,FW",ARG,1998
2103,Odysseas Vlachodimos,GK,GRE,1994
2106,Rodrigo Ribeiro,"MF,FW",POR,2005
2109,Serge Aurier,"DF,MF",CIV,1992
2112,Andre Brooks,"MF,DF",ENG,2003
2113,Anel Ahmedhodžić,DF,BIH,1999
2114,Anis Ben Slimane,MF,TUN,2001
2115,Antwoine Hackford,FW,ENG,2004
2116,Auston Trusty,DF,USA,1998
2117,Ben Brereton,"FW,MF",CHI,1999
2118,Ben Osborn,"DF,MF",ENG,1994
2119,Bénie Traoré,"FW,MF",CIV,2002
2124,Gustavo Hamer,MF,NED,1997
2125,Ivo Grbić,GK,CRO,1996
2128,Jayden Bogle,DF,ENG,2000
2130,John Fleck,"MF,DF",SCO,1991
2133,Max Lowe,"DF,MF",ENG,1997
2134,Oliver Arblaster,MF,ENG,2004
2138,Rhys Norrington-Davies,DF,WAL,1999
2139,Ryan One,FW,SCO,2006
2140,Sam Curtis,DF,IRL,2005
2141,Sydie Peck,MF,ENG,2004
2143,Vinicius Souza,MF,BRA,1999
2144,Wes Foderingham,GK,ENG,1991
2145,William Osula,FW,DEN,2003
2146,Yasser Larouci,DF,ALG,2001
2147,Alejo Véliz,FW,ARG,2003
2149,Brennan Johnson,FW,WAL,2001
2154,Dejan Kulusevski,"FW,MF",SWE,2000
2155,Destiny Udogie,DF,ITA,2002
2159,Guglielmo Vicario,GK,ITA,1996
2160,Ivan Perišić,FW,CRO,1989
2162,Jamie Donley,FW,NIR,2005
2164,Micky van de Ven,DF,NED,2001
2165,Mikey Moore,MF,ENG,2007
2166,Oliver Skipp,"MF,DF",ENG,2000
2167,Pape Matar Sarr,MF,SEN,2002
2168,Pedro Porro,DF,ESP,1999
2170,Radu Drăgușin,DF,ROU,2002
2174,Timo Werner,FW,GER,1996
2176,Aaron Cresswell,"DF,FW",ENG,1989
2182,Edson Álvarez,MF,MEX,1997
2184,George Earthy,FW,ENG,2004
2187,Kaelan Casey,DF,ENG,2004
2189,Konstantinos Mavropanos,DF,GRE,1997
2191,Lucas Paquetá,"FW,MF",BRA,1997
2192,Maxwel Cornet,"MF,FW",CIV,1996
2194,Mohammed Kudus,"FW,MF",GHA,2000
2196,Pablo Fornals,"MF,FW",ESP,1996
2198,Thilo Kehrer,"DF,MF",GER,1996
2205,Enso Gonzalez,"MF,DF",PAR,2005
2207,Hugo Bueno,"DF,MF",ESP,2002
2209,Jean-Ricner Bellegarde,"MF,FW",HAI,1998
2210,Jonny Castro,MF,ESP,1994
2213,Leon Chiwome,FW,ENG,2006
2215,Matheus Cunha,"FW,MF",BRA,1999
2219,Nathan Fraser,FW,IRL,2005
2221,Pablo Sarabia,"MF,FW",ESP,1992
2224,Santiago Bueno,DF,URU,1998
2226,Tawanda Chirewa,"MF,FW",ZIM,2003
2227,Tommy Doyle,MF,ENG,2001
2233,Ethan Nwaneri,"FW,MF",ENG,2007
2241,Kieran Tierney,"DF,FW",SCO,1997
2244,Mikel Merino,"MF,FW",ESP,1996
2245,Myles Lewis-Skelly,DF,ENG,2006
2246,Nathan Butler-Oyedeji,FW,ENG,2003
2247,Oleksandr Zinchenko,"DF,MF",UKR,1996
2250,Riccardo Calafiori,DF,ITA,2002
2255,Andrés García,"DF,MF",ESP,2003
2259,Donyell Malen,FW,NED,1999
2263,Ian Maatsen,DF,NED,2002
2265,Jaden Philogene Bidace,"FW,MF",ENG,2002
2267,Jáder Durán,FW,COL,2003
2268,Kosta Nedeljković,DF,SRB,2005
2269,Lamare Bogarde,"DF,MF",NED,2004
2272,Marco Asensio,MF,ESP,1996
2275,Morgan Rogers,"FW,MF",ENG,2002
2285,Ben Winterburn,"MF,FW",ENG,2004
2286,Dango Ouattara,FW,BFA,2002
2289,Dean Huijsen,DF,ESP,2005
2291,Evanilson,FW,BRA,1999
2294,Julian Araujo,DF,MEX,2001
2295,Julio Soler,"DF,FW",ARG,2005
2296,Justin Kluivert,MF,NED,1999
2298,Lewis Cook,"MF,DF",ENG,1997
2301,Marcus Tavernier,"FW,MF",ENG,1999
2307,Remy Rees-Dottin,FW,ENG,2006
2310,Zain Silcott-Duberry,FW,MSR,2005
2314,Edmond-Paris Maghoma,"MF,FW",ENG,2001
2316,Fabio Carvalho,"FW,MF",POR,2002
2318,Gustavo Nunes,"FW,MF",BRA,2005
2319,Hákon Valdimarsson,GK,ISL,2001
2320,Jayden Meghoma,DF,ENG,2006
2321,Keane Lewis-Potter,"DF,FW",ENG,2001
2323,Kim Jisoo,DF,KOR,2004
2328,Michael Kayode,DF,ITA,2004
2332,Ryan Trevitt,MF,ENG,2003
2333,Sepp van den Berg,DF,NED,2001
2334,Thiago,"FW,MF",BRA,2001
2338,Yunus Emre Konak,"FW,MF",TUR,2006
2342,Brajan Gruda,"MF,FW",GER,2004
2345,Diego Gómez,MF,PAR,2003
2346,Eiran Cashin,DF,IRL,2001
2348,Ferdi Kadioglu,"DF,MF",TUR,1999
2349,Georginio Rutter,"MF,FW",FRA,2002
2350,Harry Howell,FW,ENG,2008
2352,Jack Hinshelwood,"MF,DF",ENG,2005
2354,James Milner,MF,ENG,1986
2363,Mats Wieffer,"DF,MF",NED,1999
2364,Matt O'Riley,MF,DEN,2000
2366,Simon Adingra,"FW,MF",CIV,2002
2367,Solly March,"FW,MF",ENG,1994
2369,Yankuba Minteh,"FW,MF",GAM,2004
2373,Christopher Nkunku,FW,FRA,1997
2376,Filip Jørgensen,GK,DEN,2002
2377,Jadon Sancho,FW,ENG,2000
2380,Kiernan Dewsbury-Hall,"MF,FW",ENG,1998
2384,Marc Guiu,FW,ESP,2006
2385,Mathis Amougou,MF,FRA,2006
2386,Moisés Caicedo,"MF,DF",ECU,2001
2390,Pedro Neto,FW,POR,2000
2392,Renato Veiga,"DF,MF",POR,2003
2395,Shumaira Mheuka,MF,ENG,2007
2398,Tyrique George,FW,ENG,2006
2401,Asher Agbinone,MF,ENG,2005
2403,Caleb Kporha,DF,ENG,2006
2404,Chadi Riad,DF,MAR,2003
2407,Daichi Kamada,MF,JPN,1996
2408,Daniel Muñoz,DF,COL,1996
2411,Eddie Nketiah,"FW,MF",ENG,1999
2412,Ismaila Sarr,MF,SEN,1998
2415,Jeffrey Schlupp,"MF,DF",GHA,1992
2419,Justin Devenny,MF,NIR,2003
2422,Maxence Lacroix,DF,FRA,2000
2423,Nathaniel Clyne,"DF,MF",ENG,1991
2424,Odsonne Édouard,"MF,FW",FRA,1998
2425,Romain Esse,MF,ENG,2005
2433,Carlos Alcaraz,"FW,MF",ARG,2002
2436,Harrison Armstrong,MF,ENG,2007
2438,Iliman Ndiaye,FW,SEN,2000
2439,Jack Harrison,FW,ENG,1996
2440,Jake O'Brien,DF,IRL,2001
2444,Jesper Lindstrøm,FW,DEN,2000
2446,Mason Holgate,"FW,DF",JAM,1996
2450,Roman Dixon,DF,ENG,2004
2454,Youssef Chermiti,"FW,MF",POR,2004
2461,Carlos Vinícius,"MF,FW",BRA,1995
2464,Harry Wilson,"FW,MF",WAL,1997
2466,Jay Stansfield,MF,ENG,2002
2468,Jorge Cuenca,DF,ESP,1999
2469,Joshua King,MF,ENG,2007
2471,Martial Godo,"FW,DF",ENG,2003
2475,Ryan Sessegnon,"FW,DF",ENG,2000
2480,Willian,"FW,MF",BRA,1988
2481,Alex Palmer,GK,ENG,1996
2482,Ali Al Hamadi,FW,IRQ,2002
2487,Cameron Burgess,DF,AUS,1995
2488,Chiedozie Ogbene,FW,IRL,1997
2489,Christian Walton,GK,ENG,1995
2490,Conor Chaplin,"MF,FW",ENG,1997
2493,George Edmundson,DF,ENG,1997
2494,George Hirst,FW,SCO,1999
2495,Harry Clarke,DF,ENG,2001
2496,Jack Clarke,"FW,MF",ENG,2000
2497,Jack Taylor,MF,IRL,1998
2498,Jacob Greaves,DF,ENG,2000
2499,Jaden Philogene Bidace,"FW,DF",ENG,2002
2500,Jens Cajuste,MF,SWE,1999
2505,Luke Woolfenden,DF,ENG,1998
2506,Marcus Harness,MF,ENG,1996
2507,Massimo Luongo,MF,AUS,1992
2508,Nathan Broadhead,"MF,FW",WAL,1998
2509,Omari Hutchinson,"MF,FW",ENG,2003
2510,Sam Morsy,MF,EGY,1991
2511,Sammie Szmodics,"FW,MF",IRL,1995
2512,Wes Burns,"FW,DF",WAL,1994
2513,Abdul Fatawu Issahaku,FW,GHA,2004
2514,Bilal El Khannouss,"MF,FW",MAR,2004
2517,Caleb Okoli,DF,ITA,2001
2521,Hamza Choudhury,"MF,DF",BAN,1997
2524,Jakub Stolarczyk,GK,POL,2000
2532,Mads Hermansen,GK,DEN,2000
2533,Michael Golding,MF,ENG,2006
2537,Patson Daka,"FW,MF",ZAM,1998
2539,Stephy Mavididi,FW,ENG,1998
2542,Will Alves,FW,ENG,2005
2544,Woyo Coulibaly,DF,MLI,1999
2549,Cody Gakpo,FW,NED,1999
2551,Curtis Jones,"MF,DF",ENG,2001
2555,Federico Chiesa,FW,ITA,1997
2559,Jayden Danns,MF,ENG,2006
2567,Vitezslav Jaros,GK,CZE,2001
2568,Wataru Endo,"MF,DF",JPN,1993
2569,Abdukodir Khusanov,DF,UZB,2004
2571,Claudio Echeverri,FW,ARG,2006
2576,Jahmai Simpson-Pusey,DF,ENG,2005
2581,Kevin De Bruyne,"MF,FW",BEL,1991
2585,Matheus Nunes,"DF,MF",POR,1998
2587,Nico O’Reilly,DF,ENG,2005
2588,Nicolás González,MF,ESP,2002
2589,Omar Marmoush,"FW,MF",EGY,1999
2590,Oscar Bobb,FW,NOR,2003
2591,Phil Foden,"MF,FW",ENG,2000
2596,Sávio,"FW,MF",BRA,2004
2597,Vitor Reis,DF,BRA,2006
2599,Alejandro Garnacho,"MF,FW",ARG,2004
2600,Altay Bayındır,GK,TUR,1998
2601,Amad Diallo,"MF,FW",CIV,2002
2603,Antony,"DF,MF",BRA,2000
2604,Ayden Heaven,DF,ENG,2006
2607,Chidozie Obi-Martin,FW,DEN,2007
2610,Harry Amass,DF,ENG,2007
2613,Joshua Zirkzee,"FW,MF",NED,2001
2615,Leny Yoro,DF,FRA,2005
2618,Manuel Ugarte,MF,URU,2001
2621,Matthijs de Ligt,DF,NED,1999
2622,Noussair Mazraoui,DF,MAR,1997
2623,Patrick Dorgu,DF,DEN,2004
2626,Toby Collyer,MF,ENG,2004
2627,Tyler Fredricson,DF,ENG,2005
2637,Harvey Barnes,FW,ENG,1997
2639,Joe Willock,"MF,FW",ENG,1999
2657,Danilo,"MF,FW",BRA,2001
2659,Eric da Silva Moreira,"MF,DF",GER,2006
2663,Jota Silva,"FW,MF",POR,1999
2665,Morato,DF,BRA,2001
2666,Morgan Gibbs-White,MF,ENG,2000
2670,Nikola Milenković,DF,SRB,1997
2672,Ramón Sosa,"FW,MF",PAR,1999
2676,Álex Moreno,"DF,MF",ESP,1993
2680,Albert Grønbaek,"FW,MF",DEN,2001
2683,Ben Brereton,FW,CHI,1999
2684,Cameron Archer,FW,ENG,2001
2685,Carlos Alcaraz,MF,ARG,2002
2691,Jay Robinson,"MF,FW",ENG,2007
2692,Joachim Kayi Sanda,DF,FRA,2006
2693,Joe Aribo,"MF,DF",NGA,1996
2694,Joe Lumley,GK,ENG,1995
2698,Mateus Fernandes,MF,POR,2004
2700,Nathan Wood-Gordon,DF,ENG,2002
2702,Ronnie Edwards,DF,ENG,2003
2703,Ross Stewart,FW,SCO,1996
2704,Ryan Fraser,"FW,DF",SCO,1994
2705,Ryan Manning,"DF,MF",IRL,1996
2706,Samuel Amo-Ameyaw,"FW,DF",ENG,2006
2707,Samuel Edozie,"DF,FW",ENG,2003
2708,Taylor Harwood-Bellis,DF,ENG,2002
2709,Tyler Dibling,"FW,MF",ENG,2006
2710,Welington,DF,BRA,2001
2712,Yukinari Sugawara,"DF,MF",JPN,2000
2713,Alfie Dorrington,DF,ENG,2005
2714,Antonín Kinský,GK,CZE,2003
2715,Archie Gray,"DF,MF",ENG,2006
2717,Brandon Austin,GK,ENG,1999
2720,Dane Scarlett,"FW,MF",ENG,2004
2723,Djed Spence,DF,ENG,2000
2728,Kevin Danso,DF,AUT,1998
2729,Lucas Bergvall,MF,SWE,2006
2730,Mathys Tel,FW,FRA,2005
2732,Mikey Moore,FW,ENG,2007
2741,Will Lankshear,"FW,MF",ENG,2005
2742,Wilson Odobert,"FW,MF",FRA,2004
2747,Andy Irving,MF,SCO,2000
2748,Carlos Soler,"MF,FW",ESP,1997
2749,Crysencio Summerville,"FW,MF",NED,2001
2750,Danny Ings,"FW,MF",ENG,1992
2754,Guido Rodríguez,MF,ARG,1994
2757,Jean-Clair Todibo,DF,FRA,1999
2760,Lewis Orford,MF,ENG,2006
2761,Lucas Paquetá,"MF,FW",BRA,1997
2762,Luis Guilherme,"MF,FW",BRA,2006
2766,Niclas Füllkrug,FW,GER,1993
2767,Oliver Scarles,"DF,FW",ENG,2005
2771,Alfie Pond,DF,ENG,2004
2772,André,MF,BRA,2001
2774,Carlos Forbs,"MF,FW",POR,2004
2775,Chiquinho,MF,POR,2000
2779,Emmanuel Agbadou,DF,CIV,1997
2780,Gonçalo Guedes,"MF,FW",POR,1996
2781,Hwang Hee-chan,"MF,FW",KOR,1996
2785,Jørgen Strand Larsen,FW,NOR,2000
2786,Mario Lemina,"MF,DF",GAB,1993
2787,Marshall Munetsi,"MF,FW",ZIM,1996
2788,Mateus Mane,MF,POR,2007
2789,Matheus Cunha,"MF,FW",BRA,1999
2791,Nasser Djiga,DF,BFA,2002
2794,Pedro Lima,DF,BRA,2006
2796,Rodrigo Gomes,"DF,FW",POR,2003
2799,Tom King,GK,WAL,1995
2802,Yerson Mosquera,DF,COL,2001
