league,season,team,players_used,Age,Poss,Playing Time_MP,Playing Time_Starts,Playing Time_Min,Playing Time_90s,Performance_Gls,Performance_Ast,Performance_G+A,Performance_G-PK,Performance_PK,Performance_PKatt,Performance_CrdY,Performance_CrdR,Expected_xG,Expected_npxG,Expected_xAG,Expected_npxG+xAG,Progression_PrgC,Progression_PrgP,Per 90 Minutes_Gls,Per 90 Minutes_Ast,Per 90 Minutes_G+A,Per 90 Minutes_G-PK,Per 90 Minutes_G+A-PK,Per 90 Minutes_xG,Per 90 Minutes_xAG,Per 90 Minutes_xG+xAG,Per 90 Minutes_npxG,Per 90 Minutes_npxG+xAG,url
ENG-Premier League,2021,Arsenal,29,25.9,53.5,38,418,3420,38,53,38,91,47,6,6,49,5,51.7,47.0,35.1,82.1,758,1760,1.39,1.0,2.39,1.24,2.24,1.36,0.92,2.29,1.24,2.16,/en/squads/18bb7c10/2020-2021/Arsenal-Stats
ENG-Premier League,2021,Aston Villa,24,25.2,48.5,38,418,3420,38,52,38,90,47,5,6,71,4,52.5,47.9,37.4,85.3,629,1420,1.37,1.0,2.37,1.24,2.24,1.38,0.98,2.37,1.26,2.25,/en/squads/8602292d/2020-2021/Aston-Villa-Stats
ENG-Premier League,2021,Brighton,27,25.8,51.1,38,418,3420,38,39,24,63,33,6,9,49,6,50.9,43.8,33.2,77.0,685,1516,1.03,0.63,1.66,0.87,1.5,1.34,0.87,2.21,1.15,2.03,/en/squads/d07537b9/2020-2021/Brighton-and-Hove-Albion-Stats
ENG-Premier League,2021,Burnley,25,28.3,42.1,38,418,3420,38,32,20,52,29,3,3,48,0,39.3,36.9,27.7,64.6,389,1012,0.84,0.53,1.37,0.76,1.29,1.03,0.73,1.76,0.97,1.7,/en/squads/943e8050/2020-2021/Burnley-Stats
ENG-Premier League,2021,Chelsea,27,26.0,60.9,38,418,3420,38,56,38,94,48,8,10,51,3,62.4,54.5,41.5,96.0,895,1798,1.47,1.0,2.47,1.26,2.26,1.64,1.09,2.73,1.43,2.53,/en/squads/cff3d9bb/2020-2021/Chelsea-Stats
ENG-Premier League,2021,Crystal Palace,24,29.1,40.6,38,418,3420,38,39,29,68,36,3,4,56,2,34.1,31.0,23.6,54.6,526,1132,1.03,0.76,1.79,0.95,1.71,0.9,0.62,1.52,0.82,1.44,/en/squads/47c64c55/2020-2021/Crystal-Palace-Stats
ENG-Premier League,2021,Everton,29,26.3,46.4,38,418,3420,38,45,32,77,41,4,5,59,2,45.7,41.9,30.7,72.6,604,1184,1.18,0.84,2.03,1.08,1.92,1.2,0.81,2.01,1.1,1.91,/en/squads/d3fd31cc/2020-2021/Everton-Stats
ENG-Premier League,2021,Fulham,28,25.2,49.7,38,418,3420,38,26,18,44,23,3,6,67,3,40.5,35.9,26.3,62.2,727,1354,0.68,0.47,1.16,0.61,1.08,1.07,0.69,1.76,0.95,1.64,/en/squads/fd962109/2020-2021/Fulham-Stats
ENG-Premier League,2021,Leeds United,23,26.1,57.3,38,418,3420,38,60,45,105,56,4,4,61,1,55.6,52.5,41.9,94.3,811,1633,1.58,1.18,2.76,1.47,2.66,1.46,1.1,2.57,1.38,2.48,/en/squads/5bfb9659/2020-2021/Leeds-United-Stats
ENG-Premier League,2021,Leicester City,27,26.5,54.3,38,418,3420,38,64,45,109,54,10,12,61,0,55.8,46.3,33.7,80.1,666,1464,1.68,1.18,2.87,1.42,2.61,1.47,0.89,2.36,1.22,2.11,/en/squads/a2d435b3/2020-2021/Leicester-City-Stats
ENG-Premier League,2021,Liverpool,28,26.8,62.1,38,418,3420,38,65,43,108,59,6,6,40,0,67.5,62.9,48.3,111.1,886,2057,1.71,1.13,2.84,1.55,2.68,1.78,1.27,3.05,1.65,2.92,/en/squads/822bd0ba/2020-2021/Liverpool-Stats
ENG-Premier League,2021,Manchester City,24,26.1,63.5,38,418,3420,38,82,55,137,77,5,9,46,2,68.2,61.2,45.4,106.6,1096,2051,2.16,1.45,3.61,2.03,3.47,1.8,1.19,2.99,1.61,2.81,/en/squads/b8fd03ef/2020-2021/Manchester-City-Stats
ENG-Premier League,2021,Manchester Utd,29,25.6,55.7,38,418,3420,38,70,51,121,60,10,11,64,1,60.1,51.4,41.6,93.1,877,1832,1.84,1.34,3.18,1.58,2.92,1.58,1.1,2.68,1.35,2.45,/en/squads/19538871/2020-2021/Manchester-United-Stats
ENG-Premier League,2021,Newcastle Utd,27,27.1,38.8,38,418,3420,38,44,26,70,38,6,7,65,3,43.4,37.8,29.0,66.8,467,903,1.16,0.68,1.84,1.0,1.68,1.14,0.76,1.91,1.0,1.76,/en/squads/b2b47a98/2020-2021/Newcastle-United-Stats
ENG-Premier League,2021,Sheffield Utd,27,26.7,41.7,38,418,3420,38,19,13,32,16,3,4,73,3,32.6,29.5,24.9,54.4,491,1196,0.5,0.34,0.84,0.42,0.76,0.86,0.66,1.52,0.78,1.43,/en/squads/1df6b87e/2020-2021/Sheffield-United-Stats
ENG-Premier League,2021,Southampton,29,26.6,52.0,38,418,3420,38,47,33,80,42,5,6,52,3,41.2,36.6,25.8,62.5,626,1195,1.24,0.87,2.11,1.11,1.97,1.09,0.68,1.77,0.96,1.64,/en/squads/33c895d4/2020-2021/Southampton-Stats
ENG-Premier League,2021,Tottenham,24,27.2,51.6,38,418,3420,38,66,50,116,61,5,5,57,2,53.1,49.2,35.3,84.4,633,1330,1.74,1.32,3.05,1.61,2.92,1.4,0.93,2.33,1.29,2.22,/en/squads/361ca564/2020-2021/Tottenham-Hotspur-Stats
ENG-Premier League,2021,West Brom,30,26.4,37.9,38,418,3420,38,33,20,53,29,4,4,51,4,35.8,32.7,24.4,57.1,441,1027,0.87,0.53,1.39,0.76,1.29,0.94,0.64,1.59,0.86,1.5,/en/squads/60c6b05f/2020-2021/West-Bromwich-Albion-Stats
ENG-Premier League,2021,West Ham,24,27.8,43.2,38,418,3420,38,60,46,106,58,2,4,50,3,55.4,52.1,39.6,91.7,659,1282,1.58,1.21,2.79,1.53,2.74,1.46,1.04,2.5,1.37,2.41,/en/squads/7c21e445/2020-2021/West-Ham-United-Stats
ENG-Premier League,2021,Wolves,27,26.3,49.3,38,418,3420,38,34,21,55,30,4,4,55,1,36.5,33.4,24.1,57.6,800,1283,0.89,0.55,1.45,0.79,1.34,0.96,0.63,1.6,0.88,1.51,/en/squads/8cec06e1/2020-2021/Wolverhampton-Wanderers-Stats
ENG-Premier League,2122,Arsenal,27,24.4,52.8,38,418,3420,38,60,41,101,55,5,8,67,4,60.5,55.1,40.2,95.4,734,1655,1.58,1.08,2.66,1.45,2.53,1.59,1.06,2.65,1.45,2.51,/en/squads/18bb7c10/2021-2022/Arsenal-Stats
ENG-Premier League,2122,Aston Villa,31,26.1,46.5,38,418,3420,38,50,42,92,47,3,3,81,2,44.0,42.0,34.8,76.8,653,1300,1.32,1.11,2.42,1.24,2.34,1.16,0.92,2.08,1.1,2.02,/en/squads/8602292d/2021-2022/Aston-Villa-Stats
ENG-Premier League,2122,Brentford,29,25.4,44.8,38,418,3420,38,46,33,79,40,6,6,65,3,45.8,41.1,33.0,74.1,450,1189,1.21,0.87,2.08,1.05,1.92,1.21,0.87,2.07,1.08,1.95,/en/squads/cd051869/2021-2022/Brentford-Stats
ENG-Premier League,2122,Brighton,26,26.2,54.4,38,418,3420,38,40,30,70,36,4,7,72,2,46.2,40.7,32.3,72.9,676,1547,1.05,0.79,1.84,0.95,1.74,1.21,0.85,2.06,1.07,1.92,/en/squads/d07537b9/2021-2022/Brighton-and-Hove-Albion-Stats
ENG-Premier League,2122,Burnley,23,28.5,40.2,38,418,3420,38,32,26,58,31,1,2,68,2,39.7,38.1,31.2,69.3,388,972,0.84,0.68,1.53,0.82,1.5,1.05,0.82,1.87,1.0,1.82,/en/squads/943e8050/2021-2022/Burnley-Stats
ENG-Premier League,2122,Chelsea,26,27.4,61.8,38,418,3420,38,75,52,127,67,8,9,63,1,63.4,56.6,44.9,101.5,894,1967,1.97,1.37,3.34,1.76,3.13,1.67,1.18,2.85,1.49,2.67,/en/squads/cff3d9bb/2021-2022/Chelsea-Stats
ENG-Premier League,2122,Crystal Palace,24,27.1,51.1,38,418,3420,38,50,31,81,44,6,8,69,1,46.4,40.1,31.0,71.1,592,1229,1.32,0.82,2.13,1.16,1.97,1.22,0.82,2.04,1.06,1.87,/en/squads/47c64c55/2021-2022/Crystal-Palace-Stats
ENG-Premier League,2122,Everton,33,26.7,40.0,38,418,3420,38,42,29,71,36,6,7,82,6,41.2,35.8,28.5,64.3,512,1100,1.11,0.76,1.87,0.95,1.71,1.09,0.75,1.83,0.94,1.69,/en/squads/d3fd31cc/2021-2022/Everton-Stats
ENG-Premier League,2122,Leeds United,29,26.1,52.3,38,418,3420,38,42,26,68,37,5,5,101,3,44.4,40.4,31.3,71.8,671,1483,1.11,0.68,1.79,0.97,1.66,1.17,0.82,1.99,1.06,1.89,/en/squads/5bfb9659/2021-2022/Leeds-United-Stats
ENG-Premier League,2122,Leicester City,28,26.5,52.0,38,418,3420,38,62,46,108,60,2,2,55,1,47.8,46.2,34.2,80.4,622,1356,1.63,1.21,2.84,1.58,2.79,1.26,0.9,2.16,1.22,2.12,/en/squads/a2d435b3/2021-2022/Leicester-City-Stats
ENG-Premier League,2122,Liverpool,27,27.7,62.7,38,418,3420,38,94,71,165,87,7,8,50,1,88.7,82.7,63.5,146.2,885,2243,2.47,1.87,4.34,2.29,4.16,2.33,1.67,4.0,2.18,3.85,/en/squads/822bd0ba/2021-2022/Liverpool-Stats
ENG-Premier League,2122,Manchester City,26,27.0,67.9,38,418,3420,38,96,63,159,89,7,9,42,1,88.7,81.4,65.5,146.9,1145,2421,2.53,1.66,4.18,2.34,4.0,2.33,1.72,4.06,2.14,3.87,/en/squads/b8fd03ef/2021-2022/Manchester-City-Stats
ENG-Premier League,2122,Manchester Utd,29,27.2,52.7,38,418,3420,38,56,46,102,53,3,5,77,2,55.8,51.9,42.5,94.3,784,1568,1.47,1.21,2.68,1.39,2.61,1.47,1.12,2.59,1.36,2.48,/en/squads/19538871/2021-2022/Manchester-United-Stats
ENG-Premier League,2122,Newcastle Utd,29,27.5,40.4,38,418,3420,38,41,23,64,38,3,3,81,2,38.1,35.9,25.8,61.7,544,923,1.08,0.61,1.68,1.0,1.61,1.0,0.68,1.68,0.94,1.62,/en/squads/b2b47a98/2021-2022/Newcastle-United-Stats
ENG-Premier League,2122,Norwich City,28,26.2,42.9,38,418,3420,38,21,16,37,18,3,3,57,1,32.3,30.0,24.3,54.3,566,1031,0.55,0.42,0.97,0.47,0.89,0.85,0.64,1.49,0.79,1.43,/en/squads/1c781004/2021-2022/Norwich-City-Stats
ENG-Premier League,2122,Southampton,25,25.7,47.7,38,418,3420,38,41,26,67,37,4,4,65,2,44.8,41.6,32.5,74.1,728,1326,1.08,0.68,1.76,0.97,1.66,1.18,0.85,2.03,1.1,1.95,/en/squads/33c895d4/2021-2022/Southampton-Stats
ENG-Premier League,2122,Tottenham,25,26.5,51.8,38,418,3420,38,63,50,113,58,5,5,69,1,61.2,57.3,47.0,104.4,791,1459,1.66,1.32,2.97,1.53,2.84,1.61,1.24,2.85,1.51,2.75,/en/squads/361ca564/2021-2022/Tottenham-Hotspur-Stats
ENG-Premier League,2122,Watford,30,28.4,40.7,38,418,3420,38,33,26,59,32,1,2,63,3,40.0,38.4,32.5,70.9,558,1070,0.87,0.68,1.55,0.84,1.53,1.05,0.86,1.91,1.01,1.87,/en/squads/2abfe087/2021-2022/Watford-Stats
ENG-Premier League,2122,West Ham,25,28.2,47.9,38,418,3420,38,58,46,104,54,4,6,52,3,51.4,46.8,37.4,84.2,646,1449,1.53,1.21,2.74,1.42,2.63,1.35,0.99,2.34,1.23,2.22,/en/squads/7c21e445/2021-2022/West-Ham-United-Stats
ENG-Premier League,2122,Wolves,26,27.3,49.5,38,418,3420,38,35,22,57,34,1,1,62,2,37.5,36.8,26.4,63.2,723,1283,0.92,0.58,1.5,0.89,1.47,0.99,0.69,1.68,0.97,1.66,/en/squads/8cec06e1/2021-2022/Wolverhampton-Wanderers-Stats
ENG-Premier League,2223,Arsenal,26,24.7,59.3,38,418,3420,38,84,64,148,81,3,4,51,0,71.6,68.9,53.5,122.4,824,2049,2.21,1.68,3.89,2.13,3.82,1.88,1.41,3.29,1.81,3.22,/en/squads/18bb7c10/2022-2023/Arsenal-Stats
ENG-Premier League,2223,Aston Villa,26,27.0,49.3,38,418,3420,38,49,35,84,46,3,4,80,1,50.3,47.2,38.8,86.0,637,1242,1.29,0.92,2.21,1.21,2.13,1.32,1.02,2.34,1.24,2.26,/en/squads/8602292d/2022-2023/Aston-Villa-Stats
ENG-Premier League,2223,Bournemouth,31,26.3,40.4,38,418,3420,38,37,24,61,37,0,0,68,0,38.5,38.5,28.4,66.9,504,1006,0.97,0.63,1.61,0.97,1.61,1.01,0.75,1.76,1.01,1.76,/en/squads/4ba7cbea/2022-2023/Bournemouth-Stats
ENG-Premier League,2223,Brentford,25,26.2,43.8,38,418,3420,38,56,36,92,49,7,8,57,1,56.3,50.1,38.4,88.5,392,1131,1.47,0.95,2.42,1.29,2.24,1.48,1.01,2.49,1.32,2.33,/en/squads/cd051869/2022-2023/Brentford-Stats
ENG-Premier League,2223,Brighton,29,26.3,60.2,38,418,3420,38,68,46,114,62,6,6,58,0,73.3,68.9,52.2,121.2,809,1849,1.79,1.21,3.0,1.63,2.84,1.93,1.37,3.3,1.81,3.19,/en/squads/d07537b9/2022-2023/Brighton-and-Hove-Albion-Stats
ENG-Premier League,2223,Chelsea,32,26.3,58.7,38,418,3420,38,37,27,64,34,3,3,81,3,49.5,47.2,38.6,85.8,829,1737,0.97,0.71,1.68,0.89,1.61,1.3,1.02,2.32,1.24,2.26,/en/squads/cff3d9bb/2022-2023/Chelsea-Stats
ENG-Premier League,2223,Crystal Palace,26,26.7,46.3,38,418,3420,38,38,29,67,37,1,3,82,3,39.3,36.8,29.0,65.8,556,1243,1.0,0.76,1.76,0.97,1.74,1.03,0.76,1.8,0.97,1.73,/en/squads/47c64c55/2022-2023/Crystal-Palace-Stats
ENG-Premier League,2223,Everton,28,26.6,42.8,38,418,3420,38,32,24,56,29,3,3,81,2,45.2,42.8,32.4,75.1,500,1052,0.84,0.63,1.47,0.76,1.39,1.19,0.85,2.04,1.13,1.98,/en/squads/d3fd31cc/2022-2023/Everton-Stats
ENG-Premier League,2223,Fulham,29,28.2,48.8,38,418,3420,38,52,33,85,47,5,9,80,1,46.2,39.1,28.5,67.7,663,1326,1.37,0.87,2.24,1.24,2.11,1.22,0.75,1.97,1.03,1.78,/en/squads/fd962109/2022-2023/Fulham-Stats
ENG-Premier League,2223,Leeds United,29,25.3,47.0,38,418,3420,38,45,31,76,44,1,3,89,3,47.3,44.9,31.8,76.7,555,1429,1.18,0.82,2.0,1.16,1.97,1.24,0.84,2.08,1.18,2.02,/en/squads/5bfb9659/2022-2023/Leeds-United-Stats
ENG-Premier League,2223,Leicester City,28,26.1,47.7,38,418,3420,38,49,36,85,46,3,6,63,2,50.5,45.7,38.4,84.1,580,1304,1.29,0.95,2.24,1.21,2.16,1.33,1.01,2.34,1.2,2.21,/en/squads/a2d435b3/2022-2023/Leicester-City-Stats
ENG-Premier League,2223,Liverpool,28,27.4,60.8,38,418,3420,38,71,58,129,69,2,4,57,1,71.5,68.4,55.6,124.1,719,1992,1.87,1.53,3.39,1.82,3.34,1.88,1.46,3.35,1.8,3.26,/en/squads/822bd0ba/2022-2023/Liverpool-Stats
ENG-Premier League,2223,Manchester City,24,27.2,64.7,38,418,3420,38,92,69,161,83,9,10,44,1,78.6,71.1,57.5,128.6,988,2073,2.42,1.82,4.24,2.18,4.0,2.07,1.51,3.58,1.87,3.38,/en/squads/b8fd03ef/2022-2023/Manchester-City-Stats
ENG-Premier League,2223,Manchester Utd,26,26.9,53.7,38,418,3420,38,56,42,98,53,3,3,78,2,67.7,65.3,52.2,117.5,711,1595,1.47,1.11,2.58,1.39,2.5,1.78,1.37,3.15,1.72,3.09,/en/squads/19538871/2022-2023/Manchester-United-Stats
ENG-Premier League,2223,Newcastle Utd,27,27.3,52.3,38,418,3420,38,64,42,106,58,6,6,61,1,71.9,67.3,51.8,119.1,695,1618,1.68,1.11,2.79,1.53,2.63,1.89,1.36,3.26,1.77,3.13,/en/squads/b2b47a98/2022-2023/Newcastle-United-Stats
ENG-Premier League,2223,Nott'ham Forest,33,26.5,37.6,38,418,3420,38,36,22,58,33,3,6,84,0,39.3,34.6,26.3,61.0,436,859,0.95,0.58,1.53,0.87,1.45,1.03,0.69,1.73,0.91,1.6,/en/squads/e4a775cb/2022-2023/Nottingham-Forest-Stats
ENG-Premier League,2223,Southampton,36,24.7,44.5,38,418,3420,38,36,25,61,34,2,4,73,0,37.8,34.6,28.1,62.7,588,1125,0.95,0.66,1.61,0.89,1.55,0.99,0.74,1.73,0.91,1.65,/en/squads/33c895d4/2022-2023/Southampton-Stats
ENG-Premier League,2223,Tottenham,29,27.6,50.0,38,418,3420,38,68,46,114,63,5,6,77,3,57.0,52.3,43.0,95.4,692,1449,1.79,1.21,3.0,1.66,2.87,1.5,1.13,2.63,1.38,2.51,/en/squads/361ca564/2022-2023/Tottenham-Hotspur-Stats
ENG-Premier League,2223,West Ham,25,28.2,42.1,38,418,3420,38,41,25,66,35,6,8,44,0,49.2,43.7,32.7,76.4,615,1274,1.08,0.66,1.74,0.92,1.58,1.29,0.86,2.15,1.15,2.01,/en/squads/7c21e445/2022-2023/West-Ham-United-Stats
ENG-Premier League,2223,Wolves,32,26.7,49.9,38,418,3420,38,28,12,40,25,3,3,85,6,36.8,34.5,25.4,60.0,610,1343,0.74,0.32,1.05,0.66,0.97,0.97,0.67,1.64,0.91,1.58,/en/squads/8cec06e1/2022-2023/Wolverhampton-Wanderers-Stats
ENG-Premier League,2324,Arsenal,25,25.0,58.2,38,418,3420,38,86,62,148,76,10,10,64,2,76.1,68.5,55.3,123.8,821,2106,2.26,1.63,3.89,2.0,3.63,2.0,1.46,3.46,1.8,3.26,/en/squads/18bb7c10/2023-2024/Arsenal-Stats
ENG-Premier League,2324,Aston Villa,31,26.9,53.1,38,418,3420,38,72,55,127,68,4,4,94,2,63.3,60.3,48.6,108.9,775,1451,1.89,1.45,3.34,1.79,3.24,1.67,1.28,2.95,1.59,2.87,/en/squads/8602292d/2023-2024/Aston-Villa-Stats
ENG-Premier League,2324,Bournemouth,30,25.7,44.4,38,418,3420,38,52,39,91,50,2,3,79,3,55.9,53.6,40.5,94.0,709,1314,1.37,1.03,2.39,1.32,2.34,1.47,1.06,2.54,1.41,2.47,/en/squads/4ba7cbea/2023-2024/Bournemouth-Stats
ENG-Premier League,2324,Brentford,28,26.6,45.2,38,418,3420,38,54,38,92,51,3,3,89,2,58.2,56.0,42.7,98.8,505,1283,1.42,1.0,2.42,1.34,2.34,1.53,1.12,2.66,1.47,2.6,/en/squads/cd051869/2023-2024/Brentford-Stats
ENG-Premier League,2324,Brighton,30,25.9,59.8,38,418,3420,38,50,36,86,45,5,6,90,3,56.8,52.2,41.6,93.8,864,1780,1.32,0.95,2.26,1.18,2.13,1.49,1.09,2.59,1.37,2.47,/en/squads/d07537b9/2023-2024/Brighton-and-Hove-Albion-Stats
ENG-Premier League,2324,Burnley,31,24.5,47.4,38,418,3420,38,40,30,70,37,3,3,77,7,40.6,38.3,29.7,68.0,727,1181,1.05,0.79,1.84,0.97,1.76,1.07,0.78,1.85,1.01,1.79,/en/squads/943e8050/2023-2024/Burnley-Stats
ENG-Premier League,2324,Chelsea,32,24.2,58.6,38,418,3420,38,76,51,127,65,11,12,109,4,74.5,65.1,51.4,116.5,873,1615,2.0,1.34,3.34,1.71,3.05,1.96,1.35,3.31,1.71,3.06,/en/squads/cff3d9bb/2023-2024/Chelsea-Stats
ENG-Premier League,2324,Crystal Palace,26,26.8,42.3,38,418,3420,38,56,43,99,52,4,4,73,2,48.6,45.4,38.7,84.1,506,1176,1.47,1.13,2.61,1.37,2.5,1.28,1.02,2.3,1.2,2.21,/en/squads/47c64c55/2023-2024/Crystal-Palace-Stats
ENG-Premier League,2324,Everton,26,27.1,40.8,38,418,3420,38,40,17,57,38,2,3,82,1,54.0,51.6,38.1,89.8,495,1129,1.05,0.45,1.5,1.0,1.45,1.42,1.0,2.43,1.36,2.36,/en/squads/d3fd31cc/2023-2024/Everton-Stats
ENG-Premier League,2324,Fulham,25,28.4,50.6,38,418,3420,38,54,40,94,52,2,2,84,4,50.8,49.2,37.6,86.8,670,1467,1.42,1.05,2.47,1.37,2.42,1.34,0.99,2.33,1.3,2.29,/en/squads/fd962109/2023-2024/Fulham-Stats
ENG-Premier League,2324,Liverpool,30,26.3,61.3,38,418,3420,38,80,60,140,74,6,9,69,5,87.8,80.4,63.7,144.1,924,2110,2.11,1.58,3.68,1.95,3.53,2.31,1.68,3.98,2.12,3.79,/en/squads/822bd0ba/2023-2024/Liverpool-Stats
ENG-Premier League,2324,Luton Town,28,26.7,42.4,38,418,3420,38,49,33,82,44,5,5,71,0,42.4,38.6,29.5,68.2,675,1113,1.29,0.87,2.16,1.16,2.03,1.12,0.78,1.89,1.02,1.79,/en/squads/e297cd13/2023-2024/Luton-Town-Stats
ENG-Premier League,2324,Manchester City,25,26.6,65.2,38,418,3420,38,94,69,163,85,9,10,53,2,80.5,72.9,60.2,133.1,1127,2060,2.47,1.82,4.29,2.24,4.05,2.12,1.58,3.7,1.92,3.5,/en/squads/b8fd03ef/2023-2024/Manchester-City-Stats
ENG-Premier League,2324,Manchester Utd,31,26.1,50.6,38,418,3420,38,57,36,93,51,6,7,83,1,56.5,51.0,40.1,91.0,758,1479,1.5,0.95,2.45,1.34,2.29,1.49,1.06,2.54,1.34,2.4,/en/squads/19538871/2023-2024/Manchester-United-Stats
ENG-Premier League,2324,Newcastle Utd,32,27.2,52.2,38,418,3420,38,83,55,138,75,8,9,79,1,76.0,69.0,51.3,120.3,737,1557,2.18,1.45,3.63,1.97,3.42,2.0,1.35,3.35,1.82,3.17,/en/squads/b2b47a98/2023-2024/Newcastle-United-Stats
ENG-Premier League,2324,Nott'ham Forest,33,25.7,40.6,38,418,3420,38,49,43,92,48,1,1,82,3,49.9,49.1,37.9,87.0,601,1141,1.29,1.13,2.42,1.26,2.39,1.31,1.0,2.31,1.29,2.29,/en/squads/e4a775cb/2023-2024/Nottingham-Forest-Stats
ENG-Premier League,2324,Sheffield Utd,35,25.7,35.8,38,418,3420,38,31,18,49,26,5,5,101,5,38.3,34.5,25.8,60.3,346,884,0.82,0.47,1.29,0.68,1.16,1.01,0.68,1.69,0.91,1.59,/en/squads/1df6b87e/2023-2024/Sheffield-United-Stats
ENG-Premier League,2324,Tottenham,29,25.2,61.6,38,418,3420,38,69,58,127,67,2,2,92,4,68.2,66.7,57.4,124.1,957,2107,1.82,1.53,3.34,1.76,3.29,1.79,1.51,3.31,1.75,3.27,/en/squads/361ca564/2023-2024/Tottenham-Hotspur-Stats
ENG-Premier League,2324,West Ham,26,28.3,41.1,38,418,3420,38,58,40,98,54,4,5,82,3,52.3,48.4,34.8,83.2,556,1207,1.53,1.05,2.58,1.42,2.47,1.38,0.92,2.29,1.27,2.19,/en/squads/7c21e445/2023-2024/West-Ham-United-Stats
ENG-Premier League,2324,Wolves,27,26.6,48.9,38,418,3420,38,47,36,83,43,4,4,102,4,46.7,43.6,31.8,75.4,671,1180,1.24,0.95,2.18,1.13,2.08,1.23,0.84,2.07,1.15,1.98,/en/squads/8cec06e1/2023-2024/Wolverhampton-Wanderers-Stats
ENG-Premier League,2425,Arsenal,25,25.8,56.9,38,418,3420,38,67,55,122,65,2,2,70,6,59.9,58.4,45.3,103.6,852,1826,1.76,1.45,3.21,1.71,3.16,1.58,1.19,2.77,1.54,2.73,/en/squads/18bb7c10/2024-2025/Arsenal-Stats
ENG-Premier League,2425,Aston Villa,28,27.0,50.5,38,418,3420,38,56,45,101,53,3,6,76,4,56.1,51.3,41.7,93.0,720,1344,1.47,1.18,2.66,1.39,2.58,1.48,1.1,2.57,1.35,2.45,/en/squads/8602292d/2024-2025/Aston-Villa-Stats
ENG-Premier League,2425,Bournemouth,29,25.1,48.5,38,418,3420,38,57,41,98,51,6,7,97,3,64.0,58.5,43.8,102.3,754,1489,1.5,1.08,2.58,1.34,2.42,1.68,1.15,2.84,1.54,2.69,/en/squads/4ba7cbea/2024-2025/Bournemouth-Stats
ENG-Premier League,2425,Brentford,28,25.8,47.9,38,418,3420,38,65,44,109,60,5,6,62,1,59.0,54.4,42.4,96.8,598,1356,1.71,1.16,2.87,1.58,2.74,1.55,1.12,2.67,1.43,2.55,/en/squads/cd051869/2024-2025/Brentford-Stats
ENG-Premier League,2425,Brighton,32,24.8,52.3,38,418,3420,38,64,41,105,57,7,7,78,3,58.7,53.3,40.4,93.7,816,1539,1.68,1.08,2.76,1.5,2.58,1.54,1.06,2.61,1.4,2.47,/en/squads/d07537b9/2024-2025/Brighton-and-Hove-Albion-Stats
ENG-Premier League,2425,Chelsea,29,23.7,57.1,38,418,3420,38,61,47,108,57,4,5,101,2,67.8,63.8,52.7,116.5,861,1595,1.61,1.24,2.84,1.5,2.74,1.78,1.39,3.17,1.68,3.07,/en/squads/cff3d9bb/2024-2025/Chelsea-Stats
ENG-Premier League,2425,Crystal Palace,29,26.2,42.8,38,418,3420,38,49,38,87,46,3,4,80,4,60.4,57.3,46.4,103.7,510,1158,1.29,1.0,2.29,1.21,2.21,1.59,1.22,2.81,1.51,2.73,/en/squads/47c64c55/2024-2025/Crystal-Palace-Stats
ENG-Premier League,2425,Everton,26,28.0,40.9,38,418,3420,38,39,27,66,37,2,2,82,2,41.8,40.2,32.2,72.4,486,1041,1.03,0.71,1.74,0.97,1.68,1.1,0.85,1.95,1.06,1.91,/en/squads/d3fd31cc/2024-2025/Everton-Stats
ENG-Premier League,2425,Fulham,26,28.1,52.3,38,418,3420,38,53,44,97,50,3,4,80,2,49.0,45.9,37.5,83.4,786,1558,1.39,1.16,2.55,1.32,2.47,1.29,0.99,2.28,1.21,2.2,/en/squads/fd962109/2024-2025/Fulham-Stats
ENG-Premier League,2425,Ipswich Town,32,25.8,40.6,38,418,3420,38,35,26,61,33,2,2,93,5,34.4,32.8,24.2,57.0,513,935,0.92,0.68,1.61,0.87,1.55,0.9,0.64,1.54,0.86,1.5,/en/squads/b74092de/2024-2025/Ipswich-Town-Stats
ENG-Premier League,2425,Leicester City,32,26.5,45.4,38,418,3420,38,33,25,58,31,2,3,87,0,32.6,30.4,25.1,55.5,576,1082,0.87,0.66,1.53,0.82,1.47,0.86,0.66,1.52,0.8,1.46,/en/squads/a2d435b3/2024-2025/Leicester-City-Stats
ENG-Premier League,2425,Liverpool,24,27.2,57.7,38,418,3420,38,85,65,150,76,9,9,67,3,82.2,75.2,61.6,136.8,826,1924,2.24,1.71,3.95,2.0,3.71,2.16,1.62,3.78,1.98,3.6,/en/squads/822bd0ba/2024-2025/Liverpool-Stats
ENG-Premier League,2425,Manchester City,30,26.8,61.3,38,418,3420,38,71,51,122,68,3,4,59,2,68.1,64.9,54.2,119.1,1146,1944,1.87,1.34,3.21,1.79,3.13,1.79,1.43,3.22,1.71,3.13,/en/squads/b8fd03ef/2024-2025/Manchester-City-Stats
ENG-Premier League,2425,Manchester Utd,31,25.5,53.5,38,418,3420,38,42,29,71,38,4,4,86,3,52.6,49.4,39.7,89.1,697,1448,1.11,0.76,1.87,1.0,1.76,1.38,1.04,2.43,1.3,2.35,/en/squads/19538871/2024-2025/Manchester-United-Stats
ENG-Premier League,2425,Newcastle Utd,24,27.4,51.3,38,418,3420,38,66,50,116,61,5,6,68,1,63.8,59.5,46.0,105.5,759,1595,1.74,1.32,3.05,1.61,2.92,1.68,1.21,2.89,1.57,2.78,/en/squads/b2b47a98/2024-2025/Newcastle-United-Stats
ENG-Premier League,2425,Nott'ham Forest,23,26.1,41.2,38,418,3420,38,57,42,99,54,3,3,90,2,45.5,43.2,33.0,76.2,633,1125,1.5,1.11,2.61,1.42,2.53,1.2,0.87,2.07,1.14,2.0,/en/squads/e4a775cb/2024-2025/Nottingham-Forest-Stats
ENG-Premier League,2425,Southampton,36,25.2,48.5,38,418,3420,38,25,16,41,25,0,2,89,3,32.7,30.9,24.8,55.8,640,1127,0.66,0.42,1.08,0.66,1.08,0.86,0.65,1.51,0.81,1.47,/en/squads/33c895d4/2024-2025/Southampton-Stats
ENG-Premier League,2425,Tottenham,31,25.0,54.7,38,418,3420,38,61,47,108,58,3,4,72,1,58.8,55.7,44.4,100.1,840,1593,1.61,1.24,2.84,1.53,2.76,1.55,1.17,2.72,1.47,2.63,/en/squads/361ca564/2024-2025/Tottenham-Hotspur-Stats
ENG-Premier League,2425,West Ham,27,28.1,48.4,38,418,3420,38,43,29,72,40,3,3,82,3,47.0,44.7,33.9,78.6,632,1222,1.13,0.76,1.89,1.05,1.82,1.24,0.89,2.13,1.18,2.07,/en/squads/7c21e445/2024-2025/West-Ham-United-Stats
ENG-Premier League,2425,Wolves,32,26.9,48.1,38,418,3420,38,53,42,95,53,0,0,79,2,43.7,43.7,35.4,79.1,607,1185,1.39,1.11,2.5,1.39,2.5,1.15,0.93,2.08,1.15,2.08,/en/squads/8cec06e1/2024-2025/Wolverhampton-Wanderers-Stats
ENG-Premier League,2526,Arsenal,23,26.4,58.5,13,143,1170,13,25,19,44,23,2,2,18,0,21.8,20.2,14.2,34.4,264,568,1.92,1.46,3.38,1.77,3.23,1.67,1.09,2.76,1.55,2.64,/en/squads/18bb7c10/Arsenal-Stats
ENG-Premier League,2526,Aston Villa,23,28.5,53.5,13,143,1170,13,16,12,28,16,0,0,20,1,11.6,11.6,9.3,20.9,190,477,1.23,0.92,2.15,1.23,2.15,0.89,0.71,1.61,0.89,1.61,/en/squads/8602292d/Aston-Villa-Stats
ENG-Premier League,2526,Bournemouth,24,25.6,53.2,14,154,1260,14,21,12,33,19,2,3,38,1,19.4,17.0,11.6,28.6,267,554,1.5,0.86,2.36,1.36,2.21,1.38,0.83,2.21,1.21,2.04,/en/squads/4ba7cbea/Bournemouth-Stats
ENG-Premier League,2526,Brentford,21,25.5,43.5,13,143,1170,13,21,9,30,16,5,7,25,0,21.2,15.8,12.0,27.8,162,338,1.62,0.69,2.31,1.23,1.92,1.63,0.92,2.56,1.21,2.14,/en/squads/cd051869/Brentford-Stats
ENG-Premier League,2526,Brighton,25,26.0,49.9,13,143,1170,13,21,12,33,19,2,3,33,0,19.7,17.4,13.2,30.6,236,444,1.62,0.92,2.54,1.46,2.38,1.52,1.02,2.53,1.34,2.36,/en/squads/d07537b9/Brighton-and-Hove-Albion-Stats
ENG-Premier League,2526,Burnley,23,27.7,40.0,13,143,1170,13,15,11,26,14,1,1,22,1,9.5,8.7,6.7,15.5,114,298,1.15,0.85,2.0,1.08,1.92,0.73,0.52,1.25,0.67,1.19,/en/squads/943e8050/Burnley-Stats
ENG-Premier League,2526,Chelsea,25,24.6,57.4,13,143,1170,13,24,18,42,23,1,1,27,4,22.9,22.1,18.4,40.5,259,517,1.85,1.38,3.23,1.77,3.15,1.76,1.42,3.18,1.7,3.12,/en/squads/cff3d9bb/Chelsea-Stats
ENG-Premier League,2526,Crystal Palace,22,26.8,42.9,13,143,1170,13,16,8,24,13,3,3,25,0,22.1,19.8,13.9,33.6,160,398,1.23,0.62,1.85,1.0,1.62,1.7,1.07,2.76,1.52,2.59,/en/squads/47c64c55/Crystal-Palace-Stats
ENG-Premier League,2526,Everton,19,28.4,44.4,14,154,1260,14,15,12,27,14,1,1,29,1,17.3,16.5,13.2,29.8,204,471,1.07,0.86,1.93,1.0,1.86,1.24,0.95,2.18,1.18,2.13,/en/squads/d3fd31cc/Everton-Stats
ENG-Premier League,2526,Fulham,23,28.3,50.4,14,154,1260,14,16,10,26,16,0,0,26,0,14.1,14.1,10.6,24.7,265,497,1.14,0.71,1.86,1.14,1.86,1.01,0.75,1.76,1.01,1.76,/en/squads/fd962109/Fulham-Stats
ENG-Premier League,2526,Leeds United,22,27.0,47.5,13,143,1170,13,13,4,17,12,1,2,22,0,15.9,14.2,10.1,24.3,188,395,1.0,0.31,1.31,0.92,1.23,1.22,0.77,2.0,1.09,1.87,/en/squads/5bfb9659/Leeds-United-Stats
ENG-Premier League,2526,Liverpool,22,27.0,61.2,13,143,1170,13,20,14,34,19,1,1,25,0,20.8,20.1,16.6,36.7,308,685,1.54,1.08,2.62,1.46,2.54,1.6,1.28,2.88,1.54,2.82,/en/squads/822bd0ba/Liverpool-Stats
ENG-Premier League,2526,Manchester City,23,25.7,56.6,14,154,1260,14,29,25,54,29,0,1,26,0,26.4,25.6,22.8,48.5,362,553,2.07,1.79,3.86,2.07,3.86,1.89,1.63,3.52,1.83,3.46,/en/squads/b8fd03ef/Manchester-City-Stats
ENG-Premier League,2526,Manchester Utd,21,26.5,52.3,13,143,1170,13,19,15,34,18,1,3,18,1,21.1,18.7,13.8,32.6,239,525,1.46,1.15,2.62,1.38,2.54,1.62,1.06,2.69,1.44,2.51,/en/squads/19538871/Manchester-United-Stats
ENG-Premier League,2526,Newcastle Utd,23,27.8,50.0,14,154,1260,14,19,12,31,17,2,2,15,2,18.8,17.2,13.9,31.1,218,625,1.36,0.86,2.21,1.21,2.07,1.34,0.99,2.33,1.23,2.22,/en/squads/b2b47a98/Newcastle-United-Stats
ENG-Premier League,2526,Nott'ham Forest,25,26.5,50.5,13,143,1170,13,13,6,19,12,1,1,20,0,16.0,15.2,11.6,26.8,230,571,1.0,0.46,1.46,0.92,1.38,1.23,0.9,2.12,1.17,2.06,/en/squads/e4a775cb/Nottingham-Forest-Stats
ENG-Premier League,2526,Sunderland,24,25.9,43.2,13,143,1170,13,16,11,27,14,2,2,27,1,11.9,10.3,7.7,18.0,174,389,1.23,0.85,2.08,1.08,1.92,0.92,0.59,1.51,0.8,1.39,/en/squads/8ef52968/Sunderland-Stats
ENG-Premier League,2526,Tottenham,20,25.8,53.1,14,154,1260,14,22,19,41,22,0,0,35,0,12.7,12.7,9.7,22.4,251,496,1.57,1.36,2.93,1.57,2.93,0.91,0.69,1.6,0.91,1.6,/en/squads/361ca564/Tottenham-Hotspur-Stats
ENG-Premier League,2526,West Ham,25,27.2,44.2,13,143,1170,13,14,8,22,13,1,1,22,2,13.3,12.5,7.8,20.2,149,384,1.08,0.62,1.69,1.0,1.62,1.02,0.6,1.62,0.96,1.56,/en/squads/7c21e445/West-Ham-United-Stats
ENG-Premier League,2526,Wolves,25,26.8,47.3,13,143,1170,13,6,4,10,5,1,1,26,2,11.8,11.0,7.3,18.3,182,383,0.46,0.31,0.77,0.38,0.69,0.91,0.56,1.47,0.85,1.41,/en/squads/8cec06e1/Wolverhampton-Wanderers-Stats
