player_id,player,pos,nation,born
1,Aaron Connolly,FW,IRL,2000
2,Aaron Cresswell,DF,ENG,1989
3,Aaron Hickey,DF,SCO,2002
4,Aaron Lennon,"MF,FW",ENG,1987
5,Aaron Ramsdale,GK,ENG,1998
6,Aaron Ramsey,"MF,FW",ENG,2003
7,Aaron Wan-Bissaka,DF,COD,1997
8,Abdoulaye Doucouré,MF,MLI,1993
9,Abdukodir Khusanov,DF,UZB,2004
10,Abdul Fatawu Issahaku,FW,GHA,2004
11,Aboubakar Kamara,"FW,MF",MTN,1995
12,Adam Armstrong,FW,ENG,1997
13,Adam Forshaw,MF,ENG,1991
14,Adam Idah,"FW,MF",IRL,2001
15,Adam Lallana,"MF,FW",ENG,1988
16,Adam Masina,DF,MAR,1994
17,Adam Smith,DF,ENG,1991
18,Adam Webster,DF,ENG,1995
19,Adam Wharton,MF,ENG,2004
20,Adama Traoré,"FW,MF",ESP,1996
21,Ademola Lookman,"FW,MF",NGA,1997
22,Adrien Truffert,DF,FRA,2001
23,Adrián,GK,ESP,1987
24,Ahmed Elmohamady,DF,EGY,1987
25,Ahmed Hegazi,DF,EGY,1991
26,Ainsley Maitland-Niles,"MF,DF",ENG,1997
27,Albert Grønbaek,"FW,MF",DEN,2001
28,Albert Sambi Lokonga,MF,BEL,1999
29,Alejandro Garnacho,"FW,MF",ARG,2004
30,Alejo Véliz,FW,ARG,2003
31,Aleksandar Mitrović,FW,SRB,1994
32,Alex Iwobi,"FW,MF",NGA,1996
33,Alex Král,MF,CZE,1998
34,Alex Matos,MF,ENG,2004
35,Alex McCarthy,GK,ENG,1989
36,Alex Mighten,FW,ENG,2002
37,Alex Murphy,"DF,FW",IRL,2004
38,Alex Oxlade-Chamberlain,"MF,FW",ENG,1993
39,Alex Palmer,GK,ENG,1996
40,Alex Scott,MF,ENG,2003
41,Alex Telles,DF,BRA,1992
42,Alexander Isak,FW,SWE,1999
43,Alexandre Jankewitz,MF,SUI,2001
44,Alexandre Lacazette,FW,FRA,1991
45,Alexis Mac Allister,"MF,FW",ARG,1998
46,Alfie Dorrington,DF,ENG,2005
47,Alfie Doughty,DF,ENG,1999
48,Alfie Gilchrist,DF,ENG,2003
49,Alfie Pond,DF,ENG,2004
50,Ali Al Hamadi,FW,IRQ,2002
51,Alireza Jahanbakhsh,"FW,MF",IRN,1993
52,Alisson,GK,BRA,1992
53,Allan,MF,BRA,1991
54,Allan Saint-Maximin,"FW,MF",FRA,1997
55,Allan Tchaptchet,DF,FRA,2001
56,Alphonse Areola,GK,FRA,1993
57,Altay Bayındır,GK,TUR,1998
58,Amad Diallo,FW,CIV,2002
59,Amadou Diallo,MF,ENG,2003
60,Amadou Onana,MF,BEL,2001
61,Amari'i Bell,DF,JAM,1994
62,Ameen Al-Dakhil,DF,BEL,2002
63,Amine Adli,"FW,MF",MAR,2000
64,Anass Zaroury,"FW,MF",MAR,2000
65,Andi Zeqiri,"FW,DF",SUI,1999
66,Andre Brooks,"MF,DF",ENG,2003
67,Andre-Frank Zambo Anguissa,MF,CMR,1995
68,Andreas Christensen,DF,DEN,1996
69,Andreas Pereira,MF,BRA,1996
70,Andrew Moran,FW,IRL,2003
71,Andrew Omobamidele,DF,IRL,2002
72,Andrew Robertson,DF,SCO,1994
73,Andrey Santos,MF,BRA,2004
74,Andriy Yarmolenko,"FW,MF",UKR,1989
75,Andros Townsend,"MF,FW",ENG,1991
76,André,MF,BRA,2001
77,André Ayew,"FW,MF",GHA,1989
78,André Gomes,MF,POR,1993
79,André Onana,GK,CMR,1996
80,Andrés García,"DF,MF",ESP,2003
81,Andy Carroll,FW,ENG,1989
82,Andy Irving,MF,SCO,2000
83,Anel Ahmedhodžić,DF,BIH,1999
84,Angelo Ogbonna,DF,ITA,1988
85,Angus Gunn,GK,SCO,1996
86,Anis Ben Slimane,MF,TUN,2001
87,Ansu Fati,"MF,FW",ESP,2002
88,Anthony Elanga,FW,SWE,2002
89,Anthony Gordon,"FW,MF",ENG,2001
90,Anthony Martial,FW,FRA,1995
91,Antoine Semenyo,"FW,MF",GHA,2000
92,Anton Stach,MF,GER,1998
93,Antonee Robinson,DF,USA,1997
94,Antoni Milambo,MF,NED,2005
95,Antonio Rüdiger,DF,GER,1993
96,Antony,FW,BRA,2000
97,Antonín Kinský,GK,CZE,2003
98,Antwoine Hackford,DF,ENG,2004
99,Anwar El Ghazi,FW,NED,1995
100,Ao Tanaka,MF,JPN,1998
101,Archie Gray,"DF,MF",ENG,2006
102,Arijanet Muric,GK,KVX,1998
103,Armando Broja,FW,ALB,2001
104,Armel Bella Kotchap,DF,GER,2001
105,Arnaud Kalimuendo,FW,FRA,2002
106,Arnaut Danjuma,"FW,MF",NED,1997
107,Arthur Masuaku,"DF,MF",COD,1993
108,Asher Agbinone,MF,ENG,2005
109,Ashley Barnes,FW,ENG,1989
110,Ashley Fletcher,FW,ENG,1995
111,Ashley Westwood,MF,ENG,1990
112,Ashley Young,"DF,FW",ENG,1985
113,Asmir Begović,GK,BIH,1987
114,Auston Trusty,DF,USA,1998
115,Axel Disasi,DF,FRA,1998
116,Axel Tuanzebe,DF,COD,1997
117,Ayden Heaven,DF,ENG,2006
118,Aymeric Laporte,DF,ESP,1994
119,Ayoze Pérez,"MF,FW",ESP,1993
120,Bafodé Diakité,DF,FRA,2001
121,Bailey Peacock-Farrell,GK,NIR,1996
122,Bali Mumba,DF,ENG,2001
123,Bart Verbruggen,GK,NED,2002
124,Bashir Humphreys,DF,ENG,2003
125,Ben Brereton,"FW,MF",CHI,1999
126,Ben Chilwell,DF,ENG,1996
127,Ben Davies,DF,WAL,1993
128,Ben Foster,GK,ENG,1983
129,Ben Gannon-Doak,FW,SCO,2005
130,Ben Gibson,DF,ENG,1993
131,Ben Godfrey,DF,ENG,1998
132,Ben Johnson,"DF,FW",ENG,2000
133,Ben Mee,DF,ENG,1989
134,Ben Osborn,"MF,DF",ENG,1994
135,Ben Parkinson,FW,ENG,2005
136,Ben Pearson,MF,ENG,1995
137,Ben White,"DF,MF",ENG,1997
138,Ben Winterburn,"MF,FW",ENG,2004
139,Benicio Boaitey,"FW,DF",ENG,2004
140,Benjamin Mendy,DF,FRA,1994
141,Benjamin Šeško,FW,SVN,2003
142,Benoît Badiashile,DF,FRA,2001
143,Benson Manuel,"MF,FW",ANG,1997
144,Bernard,"MF,FW",BRA,1992
145,Bernardo,"DF,MF",BRA,1995
146,Bernardo Silva,"MF,FW",POR,1994
147,Bernd Leno,GK,GER,1992
148,Bertrand Traoré,FW,BFA,1995
149,Beto,FW,GNB,1998
150,Bilal El Khannouss,"MF,FW",MAR,2004
151,Billy Gilmour,MF,SCO,2001
152,Billy Sharp,FW,ENG,1986
153,Bobby Clark,MF,ENG,2005
154,Bobby De Cordova-Reid,"MF,FW",JAM,1993
155,Borna Sosa,DF,CRO,1998
156,Boubacar Kamara,MF,FRA,1999
157,Boubacar Traoré,MF,MLI,2001
158,Boubakary Soumaré,MF,FRA,1999
159,Bradley Burrowes,DF,ENG,2008
160,Brajan Gruda,"MF,FW",GER,2004
161,Brandon Aguilera,FW,CRC,2003
162,Brandon Austin,GK,ENG,1999
163,Brandon Williams,DF,ENG,2000
164,Branislav Ivanović,DF,SRB,1984
165,Brenden Aaronson,"MF,FW",USA,2000
166,Brennan Johnson,"FW,MF",WAL,2001
167,Brian Brobbey,FW,NED,2002
168,Bruno Fernandes,MF,POR,1994
169,Bruno Guimarães,MF,BRA,1997
170,Bryan Gil,"FW,MF",ESP,2001
171,Bryan Mbeumo,FW,CMR,1999
172,Bukayo Saka,"FW,MF",ENG,2001
173,Bénie Traoré,"FW,MF",CIV,2002
174,CJ Egan-Riley,DF,ENG,2003
175,Cafú,MF,POR,1993
176,Caleb Kporha,DF,ENG,2006
177,Caleb Okoli,DF,ITA,2001
178,Caleb Watts,MF,AUS,2002
179,Callum Hudson-Odoi,"FW,DF",ENG,2000
180,Callum Marshall,FW,NIR,2004
181,Callum Robinson,"FW,MF",IRL,1995
182,Callum Wilson,FW,ENG,1992
183,Calum Chambers,DF,ENG,1995
184,Calvin Bassey,DF,NGA,1999
185,Cameron Archer,"FW,MF",ENG,2001
186,Cameron Burgess,DF,AUS,1995
187,Cameron Peupion,MF,AUS,2002
188,Caoimhín Kelleher,GK,IRL,1998
189,Carlos Alcaraz,"MF,FW",ARG,2002
190,Carlos Baleba,MF,CMR,2004
191,Carlos Forbs,"MF,FW",POR,2004
192,Carlos Soler,"MF,FW",ESP,1997
193,Carlos Vinícius,FW,BRA,1995
194,Carlton Morris,"FW,MF",ENG,1995
195,Carney Chukwuemeka,"MF,FW",ENG,2003
196,Casemiro,MF,BRA,1992
197,Cauley Woodrow,"FW,MF",ENG,1994
198,Cengiz Ünder,"FW,MF",TUR,1997
199,Cenk Tosun,FW,TUR,1991
200,Cesare Casadei,"FW,MF",ITA,2003
201,Chadi Riad,DF,MAR,2003
202,Charalampos Kostoulas,"MF,FW",GRE,2007
203,Charlie Austin,"FW,MF",ENG,1989
204,Charlie Cresswell,DF,ENG,2002
205,Charlie Goode,DF,ENG,1995
206,Charlie Taylor,DF,ENG,1993
207,Che Adams,FW,SCO,1996
208,Cheick Doucouré,MF,MLI,2000
209,Cheikhou Kouyaté,DF,SEN,1989
210,Chem Campbell,MF,WAL,2002
211,Chemsdine Talbi,"FW,MF",MAR,2005
212,Chidozie Obi-Martin,FW,DEN,2007
213,Chiedozie Ogbene,"MF,DF",IRL,1997
214,Chiquinho,"DF,FW",POR,2000
215,Chris Basham,"DF,MF",ENG,1988
216,Chris Mepham,DF,WAL,1997
217,Chris Richards,DF,USA,2000
218,Chris Rigg,MF,ENG,2007
219,Chris Wood,FW,NZL,1991
220,Christantus Uche,MF,NGA,2003
221,Christian Benteke,FW,BEL,1990
222,Christian Eriksen,MF,DEN,1992
223,Christian Fuchs,DF,AUT,1986
224,Christian Kabasele,DF,BEL,1991
225,Christian Nørgaard,MF,DEN,1994
226,Christian Pulisic,"FW,MF",USA,1998
227,Christian Walton,GK,ENG,1995
228,Christoph Zimmermann,DF,GER,1993
229,Christopher Nkunku,"FW,MF",FRA,1997
230,Christos Tzolis,"FW,MF",GRE,2002
231,Ciaran Clark,DF,IRL,1989
232,Claudio Echeverri,FW,ARG,2006
233,Clément Lenglet,DF,FRA,1995
234,Cody Drameh,"DF,MF",ENG,2001
235,Cody Gakpo,"FW,MF",NED,1999
236,Cole Palmer,"FW,MF",ENG,2002
237,Connor Roberts,DF,WAL,1995
238,Connor Ronan,MF,IRL,1998
239,Conor Bradley,DF,NIR,2003
240,Conor Chaplin,"MF,FW",ENG,1997
241,Conor Coady,DF,ENG,1993
242,Conor Coventry,"MF,FW",IRL,2000
243,Conor Gallagher,MF,ENG,2000
244,Conor Hourihane,MF,IRL,1991
245,Conor Townsend,DF,ENG,1993
246,Craig Cathcart,DF,NIR,1989
247,Craig Dawson,DF,ENG,1990
248,Cristhian Mosquera,DF,ESP,2004
249,Cristian Romero,DF,ARG,1998
250,Cristiano Ronaldo,FW,POR,1985
251,Crysencio Summerville,"MF,FW",NED,2001
252,Cucho,"FW,MF",COL,1999
253,Curtis Jones,MF,ENG,2001
254,Cédric Soares,DF,POR,1991
255,César Azpilicueta,DF,ESP,1989
256,Daichi Kamada,MF,JPN,1996
257,Daiki Hashioka,DF,JPN,1999
258,Dale Stephens,MF,ENG,1989
259,Dan Burn,DF,ENG,1992
260,Dan Gosling,MF,ENG,1990
261,Dan Ndoye,FW,SUI,2000
262,Dan Neil,MF,ENG,2001
263,Dan Nlundulu,"FW,MF",ENG,1999
264,Dane Scarlett,FW,ENG,2004
265,Dango Ouattara,"MF,FW",BFA,2002
266,Dani Ceballos,MF,ESP,1996
267,Daniel Amartey,DF,GHA,1994
268,Daniel Bachmann,GK,AUT,1994
269,Daniel Ballard,DF,NIR,1999
270,Daniel Bentley,GK,ENG,1993
271,Daniel Chesters,MF,ENG,2002
272,Daniel Gore,MF,ENG,2004
273,Daniel Iversen,GK,DEN,1997
274,Daniel James,FW,WAL,1997
275,Daniel Jebbison,FW,CAN,2003
276,Daniel Muñoz,"DF,MF",COL,1996
277,Daniel Podence,"MF,FW",POR,1995
278,Danilo,MF,BRA,2001
279,Danny Ings,FW,ENG,1992
280,Danny Rose,DF,ENG,1990
281,Danny Ward,GK,WAL,1993
282,Danny Welbeck,FW,ENG,1990
283,Dara O'Shea,DF,IRL,1999
284,Darko Gyabi,FW,ENG,2004
285,Darnell Furlong,DF,ENG,1995
286,Darren Randolph,GK,IRL,1987
287,Darwin Núñez,FW,URU,1999
288,David Brooks,"FW,MF",WAL,1997
289,David Button,GK,ENG,1989
290,David Datro Fofana,FW,CIV,2002
291,David Luiz,DF,BRA,1987
292,David McGoldrick,"FW,MF",IRL,1987
293,David Møller Wolfe,"MF,DF",NOR,2002
294,David Ozoh,FW,ENG,2005
295,David Raya,GK,ESP,1995
296,David de Gea,GK,ESP,1990
297,Davinson Sánchez,DF,COL,1996
298,Davy Pröpper,MF,NED,1991
299,DeAndre Yedlin,DF,USA,1993
300,Dean Henderson,GK,ENG,1997
301,Dean Huijsen,DF,ESP,2005
302,Declan Rice,MF,ENG,1999
303,Deivid Washington,"DF,FW",BRA,2005
304,Dejan Kulusevski,"MF,FW",SWE,2000
305,Dele Alli,MF,ENG,1996
306,Demarai Gray,FW,JAM,1996
307,Denis Odoi,DF,GHA,1988
308,Denis Zakaria,MF,SUI,1996
309,Deniz Undav,"FW,MF",GER,1996
310,Dennis Praet,MF,BEL,1994
311,Destiny Udogie,DF,ITA,2002
312,Dexter Lembikisa,DF,JAM,2003
313,Diego Carlos,DF,BRA,1993
314,Diego Coppola,DF,ITA,2003
315,Diego Costa,FW,ESP,1988
316,Diego Gómez,MF,PAR,2003
317,Diego Llorente,DF,ESP,1993
318,Dilane Bakwa,"FW,MF",FRA,2002
319,Dimitris Giannoulis,DF,GRE,1995
320,Diogo Dalot,DF,POR,1999
321,Diogo Jota,FW,POR,1996
322,Divin Mubama,FW,ENG,2004
323,Divock Origi,FW,BEL,1995
324,Djed Spence,"FW,DF",ENG,2000
325,Dominic Ballard,"FW,MF",ENG,2005
326,Dominic Calvert-Lewin,FW,ENG,1997
327,Dominic Sadi,FW,ENG,2003
328,Dominic Solanke,"FW,MF",ENG,1997
329,Dominic Thompson,DF,ENG,2000
330,Dominik Szoboszlai,MF,HUN,2000
331,Donny van de Beek,"MF,FW",NED,1997
332,Donyell Malen,FW,NED,1999
333,Douglas Luiz,MF,BRA,1998
334,Duje Ćaleta-Car,DF,CRO,1996
335,Dwight Gayle,"FW,MF",ENG,1990
336,Dwight McNeil,MF,ENG,1999
337,Eberechi Eze,MF,ENG,1998
338,Eddie Nketiah,FW,ENG,1999
339,Ederson,GK,BRA,1993
340,Edinson Cavani,FW,URU,1987
341,Edmond-Paris Maghoma,"MF,FW",ENG,2001
342,Edo Kayembe,MF,COD,1998
343,Edouard Mendy,GK,SEN,1992
344,Edson Álvarez,MF,MEX,1997
345,Eiran Cashin,DF,IRL,2001
346,El Hadji Malick Diouf,DF,SEN,2004
347,Eli Junior Kroupi,"FW,MF",FRA,2006
348,Eliezer Mayenda,FW,ESP,2005
349,Elijah Adebayo,FW,ENG,1998
350,Elliot Anderson,MF,ENG,2002
351,Ellis Simms,FW,ENG,2001
352,Emerson,"DF,MF",BRA,1999
353,Emerson Palmieri,DF,ITA,1994
354,Emi Buendía,"MF,FW",ARG,1996
355,Emil Krafth,DF,SWE,1994
356,Emile Smith Rowe,"MF,FW",ENG,2000
357,Emiliano Marcondes,MF,DEN,1995
358,Emiliano Martínez,GK,ARG,1992
359,Emmanuel Agbadou,DF,CIV,1997
360,Emmanuel Dennis,"FW,MF",NGA,1997
361,Enda Stevens,DF,IRL,1990
362,Enes Ünal,"FW,MF",TUR,1997
363,Enock Mwepu,MF,ZAM,1998
364,Enso Gonzalez,"MF,DF",PAR,2005
365,Enzo Fernández,MF,ARG,2001
366,Enzo Le Fée,"MF,FW",FRA,2000
367,Eric Bailly,DF,CIV,1994
368,Eric Dier,DF,ENG,1994
369,Eric García,DF,ESP,2001
370,Eric da Silva Moreira,"MF,DF",GER,2006
371,Erik Pieters,"DF,MF",NED,1988
372,Erling Haaland,FW,NOR,2000
373,Estêvão Willian,FW,BRA,2007
374,Ethan Ampadu,"DF,MF",WAL,2000
375,Ethan Nwaneri,FW,ENG,2007
376,Ethan Pinnock,DF,JAM,1993
377,Ethan Wheatley,FW,ENG,2006
378,Evan Ferguson,MF,IRL,2004
379,Evanilson,FW,BRA,1999
380,Evann Guessand,FW,CIV,2001
381,Ezgjan Alioski,"DF,MF",MKD,1992
382,Ezri Konsa,DF,ENG,1997
383,Fabian Delph,"MF,DF",ENG,1989
384,Fabian Schär,DF,SUI,1991
385,Fabinho,"DF,MF",BRA,1993
386,Fabio Carvalho,"MF,FW",POR,2002
387,Fabio Vieira,"MF,FW",POR,2000
388,Fabián Balbuena,DF,PAR,1991
389,Facundo Buonanotte,"FW,MF",ARG,2004
390,Facundo Pellistri,"FW,MF",URU,2001
391,Federico Chiesa,FW,ITA,1997
392,Federico Fernández,DF,ARG,1989
393,Felipe,DF,BRA,1989
394,Felipe Anderson,"FW,MF",BRA,1993
395,Femi Seriki,MF,ENG,2002
396,Fer López,"MF,FW",ESP,2004
397,Ferdi Kadioglu,"DF,MF",TUR,1999
398,Fernandinho,MF,BRA,1985
399,Fernando Marçal,"DF,MF",BRA,1989
400,Ferrán Torres,"FW,MF",ESP,2000
401,Fikayo Tomori,DF,ENG,1997
402,Filip Jørgensen,GK,DEN,2002
403,Filip Krovinović,MF,CRO,1995
404,Finley Munroe,MF,ENG,2005
405,Finley Stevens,DF,WAL,2003
406,Florentino Luís,MF,POR,1999
407,Florian Wirtz,"MF,FW",GER,2003
408,Flynn Downes,MF,ENG,1999
409,Fodé Ballo-Touré,"DF,MF",SEN,1997
410,Folarin Balogun,FW,USA,2001
411,Francisco Sierralta,DF,CHI,1997
412,Francisco Trincão,"FW,MF",POR,1999
413,Frank Onyeka,MF,NGA,1998
414,Fraser Forster,GK,ENG,1988
415,Fred,MF,BRA,1993
416,Fred Onyedinma,"DF,MF",ENG,1996
417,Freddie Potts,MF,ENG,2003
418,Freddie Woodman,GK,ENG,1997
419,Fábio Silva,FW,POR,2002
420,Gabriel Gudmundsson,DF,SWE,1999
421,Gabriel Jesus,FW,BRA,1997
422,Gabriel Magalhães,DF,BRA,1997
423,Gabriel Martinelli,FW,BRA,2001
424,Gabriel Osho,DF,NGA,1998
425,Gaetano Berardi,DF,SUI,1988
426,Gareth Bale,FW,WAL,1989
427,Gary Cahill,DF,ENG,1985
428,Gavin Bazunu,GK,IRL,2002
429,George Abbott,MF,ENG,2005
430,George Baldock,DF,GRE,1993
431,George Earthy,FW,ENG,2004
432,George Edmundson,DF,ENG,1997
433,George Hirst,FW,SCO,1999
434,Georginio Rutter,"FW,MF",FRA,2002
435,Georginio Wijnaldum,MF,NED,1990
436,Gianluca Scamacca,FW,ITA,1999
437,Gianluigi Donnarumma,GK,ITA,1999
438,Gio Reyna,"FW,MF",USA,2002
439,Giorgi Mamardashvili,GK,GEO,2000
440,Giovani Lo Celso,MF,ARG,1996
441,Giulian Biancone,DF,FRA,2000
442,Gonzalo Montiel,DF,ARG,1997
443,Gonçalo Guedes,"FW,MF",POR,1996
444,Grady Diangana,"MF,FW",COD,1998
445,Granit Xhaka,"MF,DF",SUI,1992
446,Grant Hanley,DF,SCO,1991
447,Guglielmo Vicario,GK,ITA,1996
448,Guido Rodríguez,MF,ARG,1994
449,Gustavo Hamer,MF,NED,1997
450,Gustavo Nunes,"FW,MF",BRA,2005
451,Gustavo Scarpa,"MF,FW",BRA,1994
452,Gylfi Sigurðsson,"MF,FW",ISL,1989
453,Habib Diarra,MF,SEN,2004
454,Hakim Ziyech,"MF,FW",MAR,1993
455,Hal Robson-Kanu,FW,WAL,1989
456,Halil Dervişoğlu,MF,TUR,1999
457,Hamed Junior Traorè,"FW,MF",CIV,2000
458,Hamza Choudhury,MF,BAN,1997
459,Han-Noah Massengo,"MF,DF",FRA,2001
460,Hannes Delcroix,DF,HAI,1999
461,Hannibal Mejbri,MF,TUN,2003
462,Harrison Armstrong,MF,ENG,2007
463,Harrison Ashby,DF,SCO,2001
464,Harrison Reed,MF,ENG,1995
465,Harry Amass,DF,ENG,2007
466,Harry Clarke,DF,ENG,2001
467,Harry Howell,FW,ENG,2008
468,Harry Kane,FW,ENG,1993
469,Harry Maguire,DF,ENG,1993
470,Harry Souttar,DF,AUS,1998
471,Harry Toffolo,DF,ENG,1995
472,Harry Wilson,FW,WAL,1997
473,Harry Winks,MF,ENG,1996
474,Harvey Barnes,"FW,MF",ENG,1997
475,Harvey Elliott,MF,ENG,2003
476,Harvey White,MF,ENG,2001
477,Hassane Kamara,DF,CIV,1994
478,Hjalmar Ekdal,DF,SWE,1998
479,Hugo Bueno,DF,ESP,2002
480,Hugo Ekitike,FW,FRA,2002
481,Hugo Lloris,GK,FRA,1986
482,Hwang Hee-chan,"FW,MF",KOR,1996
483,Hákon Valdimarsson,GK,ISL,2001
484,Héctor Bellerín,"DF,MF",ESP,1995
485,Hélder Costa,"MF,FW",ANG,1994
486,Ian Maatsen,"FW,MF",NED,2002
487,Ian Poveda,MF,ENG,2000
488,Ibrahim Sangaré,MF,CIV,1997
489,Ibrahima Diallo,MF,FRA,1999
490,Ibrahima Konaté,DF,FRA,1999
491,Idrissa Gana Gueye,MF,SEN,1989
492,Igor,DF,BRA,1998
493,Igor Jesus,"FW,MF",BRA,2001
494,Ilia Gruev,MF,BUL,2000
495,Iliman Ndiaye,MF,SEN,2000
496,Illan Meslier,GK,FRA,2000
497,Illia Zabarnyi,DF,UKR,2002
498,Imran Louza,MF,MAR,1999
499,Ionuț Radu,GK,ROU,1997
500,Isaac Hayden,"MF,DF",JAM,1995
501,Isaac Price,MF,NIR,2003
502,Islam Slimani,FW,ALG,1988
503,Ismaila Sarr,"FW,MF",SEN,1998
504,Issa Diop,DF,FRA,1997
505,Issa Kaboré,DF,BFA,2001
506,Ivan Cavaleiro,FW,POR,1993
507,Ivan Perišić,"DF,MF",CRO,1989
508,Ivan Toney,FW,ENG,1996
509,Ivo Grbić,GK,CRO,1996
510,Jack Butland,GK,ENG,1993
511,Jack Clarke,"FW,MF",ENG,2000
512,Jack Colback,MF,ENG,1989
513,Jack Cork,MF,ENG,1989
514,Jack Grealish,"FW,MF",ENG,1995
515,Jack Harrison,"MF,FW",ENG,1996
516,Jack Hinshelwood,FW,ENG,2005
517,Jack O'Connell,DF,ENG,1994
518,Jack Robinson,DF,ENG,1993
519,Jack Stacey,DF,ENG,1996
520,Jack Stephens,DF,ENG,1994
521,Jack Taylor,MF,IRL,1998
522,Jackson Tchatchoua,"DF,MF",CMR,2001
523,Jacob Brown,"MF,FW",SCO,1998
524,Jacob Bruun Larsen,"MF,FW",DEN,1998
525,Jacob Greaves,DF,ENG,2000
526,Jacob Murphy,"DF,MF",ENG,1995
527,Jacob Ramsey,MF,ENG,2001
528,Jaden Philogene Bidace,FW,ENG,2002
529,Jadon Sancho,"FW,MF",ENG,2000
530,Jahmai Simpson-Pusey,DF,ENG,2005
531,Jaidon Anthony,"MF,FW",ENG,1999
532,Jair Cunha,DF,BRA,2005
533,Jaka Bijol,DF,SVN,1999
534,Jake Evans,FW,ENG,2008
535,Jake Livermore,MF,ENG,1989
536,Jake O'Brien,DF,IRL,2001
537,Jake Vokins,DF,ENG,2000
538,Jakob Sørensen,"MF,DF",DEN,1998
539,Jakub Kiwior,DF,POL,2000
540,Jakub Moder,"DF,MF",POL,1999
541,Jakub Stolarczyk,GK,POL,2000
542,Jamaal Lascelles,DF,ENG,1993
543,Jamal Lewis,DF,NIR,1998
544,Jamal Lowe,"MF,FW",JAM,1994
545,James Bree,DF,ENG,1997
546,James Garner,"MF,DF",ENG,2001
547,James Hill,DF,ENG,2002
548,James Justin,DF,ENG,1998
549,James Maddison,MF,ENG,1996
550,James McArthur,MF,SCO,1987
551,James McCarthy,MF,IRL,1990
552,James McConnell,MF,ENG,2004
553,James Mcatee,"MF,FW",ENG,2002
554,James Milner,"MF,DF",ENG,1986
555,James Rodríguez,"FW,MF",COL,1991
556,James Shea,GK,ENG,1991
557,James Tarkowski,DF,ENG,1992
558,James Tomkins,DF,ENG,1989
559,James Trafford,GK,ENG,2002
560,James Ward-Prowse,MF,ENG,1994
561,Jamie Donley,FW,NIR,2005
562,Jamie Gittens,FW,ENG,2004
563,Jamie Shackleton,"MF,DF",ENG,1999
564,Jamie Vardy,FW,ENG,1987
565,Jan Bednarek,DF,POL,1996
566,Jan Paul van Hecke,DF,NED,2000
567,Jannik Vestergaard,DF,DEN,1992
568,Japhet Tanganga,DF,ENG,1999
569,Jarell Quansah,DF,ENG,2003
570,Jarrad Branthwaite,DF,ENG,2002
571,Jarrod Bowen,"FW,MF",ENG,1996
572,Jason Steele,GK,ENG,1990
573,Javier Manquillo,DF,ESP,1994
574,Jay Robinson,"MF,FW",ENG,2007
575,Jay Rodriguez,FW,ENG,1989
576,Jay Stansfield,FW,ENG,2002
577,Jaydee Canvot,DF,FRA,2006
578,Jayden Bogle,"DF,MF",ENG,2000
579,Jayden Danns,FW,ENG,2006
580,Jayden Meghoma,DF,ENG,2006
581,Jayson Molumby,MF,IRL,1999
582,Jaïro Riedewald,MF,NED,1996
583,Jean-Clair Todibo,DF,FRA,1999
584,Jean-Philippe Gbamin,MF,CIV,1995
585,Jean-Philippe Mateta,FW,FRA,1997
586,Jean-Ricner Bellegarde,"MF,FW",HAI,1998
587,Jed Steer,GK,ENG,1992
588,Jeff Hendrick,MF,IRL,1992
589,Jefferson Lerma,MF,COL,1994
590,Jeffrey Schlupp,MF,GHA,1992
591,Jens Cajuste,MF,SWE,1999
592,Jenson Seelt,DF,NED,2003
593,Jeremie Frimpong,"DF,MF",NED,2000
594,Jeremy Doku,"FW,MF",BEL,2002
595,Jeremy Monga,"FW,MF",,2009
596,Jeremy Ngakia,DF,,2000
597,Jeremy Sarmiento,"FW,MF",ECU,2002
598,Jesper Lindstrøm,FW,DEN,2000
599,Jesse Lingard,"MF,FW",ENG,1992
600,Jesurun Rak Sakyi,"FW,MF",ENG,2002
601,Jhon Arias,FW,COL,1997
602,Jimi Tauriainen,FW,ENG,2004
603,Jimmy Dunne,DF,IRL,1997
604,Joachim Andersen,DF,DEN,1996
605,Joachim Kayi Sanda,DF,FRA,2006
606,Joe Aribo,"MF,FW",NGA,1996
607,Joe Bryan,"DF,MF",ENG,1993
608,Joe Gelhardt,"FW,MF",ENG,2002
609,Joe Gomez,DF,ENG,1997
610,Joe Knight,MF,ENG,2005
611,Joe Lumley,GK,ENG,1995
612,Joe Rodon,DF,WAL,1997
613,Joe Rothwell,MF,ENG,1995
614,Joe White,MF,ENG,2002
615,Joe Willock,MF,ENG,1999
616,Joe Worrall,DF,ENG,1997
617,Joel Mumbongo,FW,SWE,1999
618,Joel Robles,GK,ESP,1990
619,Joel Ward,DF,ENG,1989
620,Joelinton,"FW,MF",BRA,1996
621,John Egan,DF,IRL,1992
622,John Fleck,MF,SCO,1991
623,John Lundstram,MF,ENG,1994
624,John McGinn,MF,SCO,1994
625,John Ruddy,GK,ENG,1986
626,John Stones,DF,ENG,1994
627,Jonah Kusi-Asare,FW,SWE,2007
628,Jonas Lössl,GK,DEN,1989
629,Jonathan Rowe,"FW,MF",ENG,2003
630,Jonjo Shelvey,MF,ENG,1992
631,Jonjoe Kenny,DF,ENG,1997
632,Jonny Castro,"MF,DF",ESP,1994
633,Jonny Evans,DF,NIR,1988
634,Jordan Ayew,"FW,MF",GHA,1991
635,Jordan Beyer,DF,GER,2000
636,Jordan Clark,MF,ENG,1993
637,Jordan Henderson,"MF,DF",ENG,1990
638,Jordan Pickford,GK,ENG,1994
639,Jordan Zemura,DF,ZIM,1999
640,Jorge Cuenca,DF,ESP,1999
641,Jorginho,MF,ITA,1991
642,Jorrel Hato,DF,NED,2006
643,Joseph Hodge,MF,IRL,2002
644,Joseph Johnson,DF,ENG,2006
645,Joseph Whitworth,GK,ENG,2004
646,Josh Benson,MF,ENG,1999
647,Josh Brownhill,MF,ENG,1995
648,Josh Cullen,MF,IRL,1996
649,Josh Dasilva,"MF,FW",ENG,1998
650,Josh Laurent,"DF,MF",ENG,1995
651,Josh Maja,FW,NGA,1998
652,Josh Onomah,MF,ENG,1997
653,Josh Sargent,"FW,MF",USA,2000
654,Joshua Acheampong,DF,ENG,2006
655,Joshua King,"MF,FW",NOR,1992
656,Joshua Zirkzee,"FW,MF",NED,2001
657,José Izquierdo,DF,COL,1992
658,José Sá,GK,POR,1993
659,Jota Silva,"FW,MF",POR,1999
660,João Cancelo,"DF,MF",POR,1994
661,João Félix,"FW,MF",POR,1999
662,João Gomes,MF,BRA,2001
663,João Moutinho,MF,POR,1986
664,João Palhinha,MF,POR,1995
665,João Pedro,"FW,MF",BRA,2001
666,João Virgínia,GK,POR,1999
667,Joël Matip,DF,CMR,1991
668,Joël Piroe,"FW,MF",NED,1999
669,Joël Veltman,DF,NED,1992
670,Joško Gvardiol,DF,CRO,2002
671,Juan Larios,DF,ESP,2004
672,Juan Mata,"FW,MF",ESP,1988
673,Julian Araujo,DF,MEX,2001
674,Julio Enciso,"FW,MF",PAR,2004
675,Julio Soler,"DF,FW",ARG,2005
676,Julián Álvarez,"FW,MF",ARG,2000
677,Junior Firpo,"DF,MF",DOM,1996
678,Junior Stanislas,MF,ENG,1989
679,Juraj Kucka,MF,SVK,1987
680,Jurriën Timber,DF,NED,2001
681,Justin Devenny,MF,NIR,2003
682,Justin Kluivert,"MF,FW",NED,1999
683,Jáder Durán,"FW,MF",COL,2003
684,Jóhann Berg Guðmundsson,MF,ISL,1990
685,Jørgen Strand Larsen,FW,NOR,2000
686,Jürgen Locadia,"MF,FW",CUW,1993
687,Kaelan Casey,DF,ENG,2004
688,Kai Havertz,"MF,FW",GER,1999
689,Kaide Gordon,FW,ENG,2004
690,Kaine Kesler-Hayden,"MF,DF",ENG,2002
691,Kalidou Koulibaly,DF,SEN,1991
692,Kalvin Phillips,MF,ENG,1995
693,Kamaldeen Sulemana,"FW,MF",GHA,2002
694,Kami Doyle,MF,ENG,2005
695,Kamil Grosicki,"MF,FW",POL,1988
696,Kaoru Mitoma,"FW,MF",JPN,1997
697,Karl Darlow,GK,WAL,1990
698,Karlan Grant,"FW,MF",ENG,1997
699,Kasey McAteer,FW,IRL,2001
700,Kasper Schmeichel,GK,DEN,1986
701,Kayky Chagas,FW,BRA,2003
702,Kayne Ramsey,DF,ENG,2000
703,Kean Bryan,DF,ENG,1996
704,Keane Lewis-Potter,"FW,MF",ENG,2001
705,Keinan Davis,"FW,MF",ENG,1998
706,Kelechi Iheanacho,FW,NGA,1996
707,Ken Sema,"MF,FW",SWE,1993
708,Kenedy,DF,BRA,1996
709,Kenny McLean,MF,SCO,1992
710,Kenny Tete,"DF,MF",NED,1995
711,Kepa Arrizabalaga,GK,ESP,1994
712,Kevin,"FW,MF",BRA,2003
713,Kevin Danso,DF,AUT,1998
714,Kevin De Bruyne,MF,BEL,1991
715,Kevin Long,DF,IRL,1990
716,Kevin Mbabu,"DF,FW",SUI,1995
717,Kevin Schade,FW,GER,2001
718,Keylor Navas,GK,CRC,1986
719,Khanya Leshabela,MF,RSA,1999
720,Ki-Jana Hoever,"DF,MF",NED,2002
721,Kieffer Moore,FW,WAL,1992
722,Kieran Dowell,"FW,MF",ENG,1997
723,Kieran Gibbs,DF,ENG,1989
724,Kieran Tierney,DF,SCO,1997
725,Kieran Trippier,DF,ENG,1990
726,Kiernan Dewsbury-Hall,MF,ENG,1998
727,Kiko Casilla,GK,ESP,1986
728,Kiko Femenía,DF,ESP,1991
729,Kim Jisoo,DF,KOR,2004
730,Kobbie Mainoo,MF,ENG,2005
731,Konstantinos Mavropanos,DF,GRE,1997
732,Kortney Hause,DF,ENG,1995
733,Kosta Nedeljković,DF,SRB,2005
734,Kostas Tsimikas,"DF,FW",GRE,1996
735,Kristoffer Ajer,DF,NOR,1998
736,Kristoffer Klaesson,GK,NOR,2000
737,Kurt Zouma,DF,FRA,1994
738,Kyle Bartley,DF,ENG,1991
739,Kyle Edwards,"MF,FW",ENG,1998
740,Kyle Walker,DF,ENG,1990
741,Kyle Walker-Peters,DF,ENG,1997
742,Ladislav Krejčí,"DF,MF",CZE,1999
743,Lamare Bogarde,"DF,MF",NED,2004
744,Layvin Kurzawa,DF,FRA,1992
745,Leander Dendoncker,"MF,DF",BEL,1995
746,Leandro Trossard,"MF,FW",BEL,1994
747,Lee Peltier,DF,ENG,1986
748,Leif Davis,DF,ENG,2000
749,Leny Yoro,DF,FRA,2005
750,Leo Fuhr Hjelde,"MF,DF",NOR,2003
751,Leon Bailey,"FW,MF",JAM,1997
752,Leon Chiwome,FW,ENG,2006
753,Lesley Ugochukwu,MF,FRA,2004
754,Levi Colwill,DF,ENG,2003
755,Lewis Bate,MF,ENG,2002
756,Lewis Brunt,MF,ENG,2000
757,Lewis Cook,MF,ENG,1997
758,Lewis Dobbin,"FW,MF",ENG,2003
759,Lewis Dunk,DF,ENG,1991
760,Lewis Hall,DF,ENG,2004
761,Lewis Miley,MF,ENG,2006
762,Lewis O'Brien,MF,ENG,1998
763,Lewis Orford,MF,ENG,2006
764,Lewis Richardson,"FW,MF",ENG,2003
765,Lewis Warrington,FW,ENG,2002
766,Liam Cooper,DF,SCO,1991
767,Liam Delap,FW,ENG,2003
768,Liam McCarron,FW,SCO,2001
769,Lisandro Martínez,DF,ARG,1998
770,Lloyd Kelly,DF,ENG,1998
771,Lorenz Assignon,DF,TOG,2000
772,Loris Karius,GK,GER,1993
773,Loum Tchaouna,"MF,FW",FRA,2003
774,Luca Koleosho,"MF,FW",ITA,2004
775,Lucas,DF,BRA,2001
776,Lucas Bergvall,MF,SWE,2006
777,Lucas Digne,"DF,MF",FRA,1993
778,Lucas Moura,"FW,MF",BRA,1992
779,Lucas Paquetá,MF,BRA,1997
780,Lucas Perri,GK,BRA,1997
781,Ludwig Augustinsson,DF,SWE,1994
782,Luis Díaz,FW,COL,1997
783,Luis Guilherme,"MF,FW",BRA,2006
784,Luis Sinisterra,FW,COL,1999
785,Luka Milivojević,MF,SRB,1991
786,Lukas Nmecha,FW,GER,1998
787,Lukas Rupp,MF,GER,1991
788,Luke Ayling,DF,ENG,1991
789,Luke Berry,"MF,DF",ENG,1992
790,Luke Cundle,MF,ENG,2002
791,Luke Harris,"MF,FW",WAL,2005
792,Luke Shaw,DF,ENG,1995
793,Luke Thomas,DF,ENG,2001
794,Luke Woolfenden,DF,ENG,1998
795,Lutsharel Geertruida,DF,NED,2000
796,Lyanco,DF,BRA,1997
797,Lyle Foster,"FW,MF",RSA,2000
798,Lys Mousset,"FW,MF",FRA,1996
799,Mads Bech Sørensen,DF,DEN,1999
800,Mads Bidstrup,MF,DEN,2001
801,Mads Hermansen,GK,DEN,2000
802,Mads Juel Andersen,DF,DEN,1997
803,Mads Roerslev,DF,DEN,1999
804,Mahmoud Dahoud,MF,GER,1996
805,Malang Sarr,DF,FRA,1999
806,Malcolm Ebiowei,"MF,FW",ENG,2003
807,Malick Thiaw,DF,GER,2001
808,Malo Gusto,DF,FRA,2003
809,Mamadou Sakho,DF,FRA,1990
810,Manor Solomon,FW,ISR,1999
811,Manuel Akanji,DF,SUI,1995
812,Manuel Lanzini,"MF,FW",ARG,1993
813,Manuel Ugarte,MF,URU,2001
814,Marc Albrighton,"DF,FW",ENG,1989
815,Marc Cucurella,DF,ESP,1998
816,Marc Guiu,FW,ESP,2006
817,Marc Guéhi,DF,ENG,2000
818,Marc Roca,MF,ESP,1996
819,Marcel Sabitzer,MF,AUT,1994
820,Marco Asensio,MF,ESP,1996
821,Marco Bizot,GK,NED,1991
822,Marcos Alonso,DF,ESP,1990
823,Marcos Senesi,DF,ARG,1997
824,Marcus Edwards,"FW,MF",ENG,1998
825,Marcus Forss,"FW,MF",FIN,1999
826,Marcus Harness,MF,ENG,1996
827,Marcus Rashford,FW,ENG,1997
828,Marcus Tavernier,"MF,FW",ENG,1999
829,Marek Rodák,GK,SVK,1996
830,Mario Lemina,MF,GAB,1993
831,Mark Flekken,GK,NED,1993
832,Mark Noble,MF,ENG,1987
833,Mark O'Mahony,FW,IRL,2005
834,Mark Travers,GK,IRL,1999
835,Marquinhos,MF,BRA,2003
836,Marshall Munetsi,"MF,FW",ZIM,1996
837,Martial Godo,"FW,DF",ENG,2003
838,Martin Dúbravka,GK,SVK,1989
839,Martin Kelly,DF,ENG,1990
840,Martin Ødegaard,MF,NOR,1998
841,Martín Zubimendi,MF,ESP,1999
842,Marvelous Nakamba,MF,ZIM,1994
843,Mason Burstow,FW,ENG,2003
844,Mason Greenwood,FW,ENG,2001
845,Mason Holgate,DF,JAM,1996
846,Mason Mount,MF,ENG,1999
847,Massimo Luongo,MF,AUS,1992
848,Mateo Joseph,"FW,MF",ESP,2003
849,Mateo Kovačić,MF,CRO,1994
850,Mateus Fernandes,MF,POR,2004
851,Mateus Mane,MF,POR,2007
852,Mateusz Klich,MF,POL,1990
853,Matheus Cunha,FW,BRA,1999
854,Matheus França,"MF,FW",BRA,2004
855,Matheus Nunes,MF,POR,1998
856,Matheus Pereira,"MF,FW",BRA,1996
857,Mathew Ryan,GK,AUS,1992
858,Mathias Jensen,MF,DEN,1996
859,Mathias Jørgensen,DF,DEN,1990
860,Mathias Normann,MF,NOR,1996
861,Mathis Amougou,MF,FRA,2006
862,Mathys Tel,FW,FRA,2005
863,Mats Wieffer,"DF,MF",NED,1999
864,Matt Doherty,DF,IRL,1992
865,Matt O'Riley,MF,DEN,2000
866,Matt Phillips,MF,SCO,1991
867,Matt Ritchie,"DF,MF",SCO,1989
868,Matt Targett,DF,ENG,1995
869,Matt Turner,GK,USA,1994
870,Matthew Craig,MF,SCO,2003
871,Matthew Longstaff,MF,ENG,2000
872,Matthew Lowton,DF,ENG,1989
873,Matthijs de Ligt,DF,NED,1999
874,Matty Cash,DF,POL,1997
875,Matz Sels,GK,BEL,1992
876,Matías Viña,DF,URU,1997
877,Matěj Vydra,FW,CZE,1992
878,Max Aarons,DF,ENG,2000
879,Max Dowman,FW,ENG,2009
880,Max Kilman,DF,ENG,1997
881,Max Lowe,DF,ENG,1997
882,Maxence Lacroix,DF,FRA,2000
883,Maxim De Cuyper,"DF,FW",BEL,2000
884,Maxime Estève,DF,FRA,2002
885,Maxime Le Marchand,DF,FRA,1989
886,Maximilian Wöber,DF,AUT,1998
887,Maxwel Cornet,"FW,MF",CIV,1996
888,Mbaye Diagne,FW,SEN,1991
889,Merlin Röhl,"MF,FW",GER,2002
890,Michael Golding,MF,ENG,2006
891,Michael Hector,DF,JAM,1992
892,Michael Kayode,DF,ITA,2004
893,Michael Keane,DF,ENG,1993
894,Michael Ndiweni,FW,ENG,2003
895,Michael Obafemi,FW,IRL,2000
896,Michael Olakigbe,"DF,FW",ENG,2004
897,Michael Olise,"FW,MF",FRA,2001
898,Michail Antonio,FW,JAM,1990
899,Michy Batshuayi,FW,BEL,1993
900,Micky van de Ven,DF,NED,2001
901,Miguel Almirón,"MF,FW",PAR,1994
902,Mike Trésor,"FW,MF",BEL,1999
903,Mikel Merino,"MF,FW",ESP,1996
904,Mikey Moore,MF,ENG,2007
905,Mikkel Damsgaard,"MF,FW",DEN,2000
906,Milos Kerkez,DF,HUN,2003
907,Milot Rashica,"FW,MF",KVX,1996
908,Mislav Oršić,MF,CRO,1992
909,Mohamed Elneny,MF,EGY,1992
910,Mohamed Elyounoussi,"MF,FW",NOR,1994
911,Mohamed Salah,FW,EGY,1992
912,Mohammed Kudus,"FW,MF",GHA,2000
913,Mohammed Salisu,DF,GHA,1999
914,Moise Kean,"FW,MF",ITA,2000
915,Moisés Caicedo,MF,ECU,2001
916,Morato,DF,BRA,2001
917,Morgan Gibbs-White,"MF,FW",ENG,2000
918,Morgan Rogers,"MF,FW",ENG,2002
919,Morgan Sanson,MF,FRA,1994
920,Moussa Diaby,"FW,MF",FRA,1999
921,Moussa Djenepo,MF,MLI,1998
922,Moussa Niakhate,DF,SEN,1996
923,Moussa Sissoko,MF,FRA,1989
924,Murillo,DF,BRA,2002
925,Mykhailo Mudryk,"FW,MF",UKR,2001
926,Myles Lewis-Skelly,DF,ENG,2006
927,Myles Peart-Harris,"DF,MF",ENG,2002
928,Máximo Perrone,MF,ARG,2003
929,N'Golo Kanté,MF,FRA,1991
930,Naby Keïta,MF,GUI,1995
931,Nampalys Mendy,MF,SEN,1992
932,Naouirou Ahamada,"MF,FW",FRA,2002
933,Nasser Djiga,DF,BFA,2002
934,Nathan Aké,DF,NED,1995
935,Nathan Broadhead,FW,WAL,1998
936,Nathan Butler-Oyedeji,FW,ENG,2003
937,Nathan Collins,DF,IRL,2001
938,Nathan Ferguson,DF,ENG,2000
939,Nathan Fraser,FW,IRL,2005
940,Nathan Patterson,"DF,MF",SCO,2001
941,Nathan Redmond,"MF,FW",ENG,1994
942,Nathan Tella,"FW,MF",NGA,1999
943,Nathan Wood-Gordon,DF,ENG,2002
944,Nathan Young-Coombes,MF,ENG,2003
945,Nathaniel Chalobah,MF,ENG,1994
946,Nathaniel Clyne,DF,ENG,1991
947,Nathaniel Phillips,DF,ENG,1997
948,Nayef Aguerd,DF,MAR,1996
949,Neal Maupay,"FW,MF",FRA,1996
950,Neco Williams,DF,WAL,2001
951,Neeskens Kebano,"FW,MF",COD,1992
952,Nehemiah Oriola,MF,ENG,2007
953,Neil Taylor,DF,WAL,1989
954,Nemanja Matić,MF,SRB,1988
955,Neto,GK,BRA,1989
956,Niall Huggins,DF,WAL,2000
957,Nick Pope,GK,ENG,1992
958,Nick Woltemade,FW,GER,2002
959,Niclas Füllkrug,FW,GER,1993
960,Nico O’Reilly,DF,ENG,2005
961,Nicolas Jackson,FW,SEN,2001
962,Nicolas Nkoulou,DF,CMR,1990
963,Nicolas Pépé,FW,CIV,1995
964,Nicolás Domínguez,"MF,FW",ARG,1998
965,Nicolás González,MF,ESP,2002
966,Nicolò Savona,"DF,MF",ITA,2003
967,Nicolò Zaniolo,"FW,MF",ITA,1999
968,Niels Nkounkou,"DF,FW",FRA,2000
969,Nikola Milenković,DF,SRB,1997
970,Nikola Vlašić,"FW,MF",CRO,1997
971,Noah Okafor,"FW,MF",SUI,2000
972,Noah Sadiki,MF,COD,2004
973,Noni Madueke,FW,ENG,2002
974,Nordi Mukiele,DF,FRA,1997
975,Noussair Mazraoui,DF,MAR,1997
976,Nuno Tavares,DF,POR,2000
977,Nélson Semedo,"DF,MF",POR,1993
978,Odeluga Offiah,DF,ENG,2002
979,Odion Ighalo,FW,NGA,1989
980,Odsonne Édouard,FW,FRA,1998
981,Odysseas Vlachodimos,GK,GRE,1994
982,Oghenekaro Etebo,MF,NGA,1995
983,Okay Yokuşlu,MF,TUR,1994
984,Ola Aina,DF,NGA,1996
985,Olabade Aluko,DF,,
986,Oleksandr Zinchenko,DF,UKR,1996
987,Oliver Arblaster,MF,ENG,2004
988,Oliver Burke,FW,SCO,1997
989,Oliver McBurnie,FW,SCO,1996
990,Oliver Norwood,MF,NIR,1991
991,Oliver Scarles,"DF,FW",ENG,2005
992,Oliver Skipp,MF,ENG,2000
993,Oliver Sonne,"DF,FW",PER,2000
994,Olivier Boscagli,DF,FRA,1997
995,Olivier Giroud,FW,FRA,1986
996,Ollie Watkins,FW,ENG,1995
997,Omar Alderete,DF,PAR,1996
998,Omar Marmoush,"FW,MF",EGY,1999
999,Omari Forson,FW,ENG,2004
1000,Omari Hutchinson,FW,ENG,2003
1001,Omari Kellyman,FW,ENG,2005
1002,Orel Mangala,MF,BEL,1998
1003,Oriol Romeu,MF,ESP,1991
1004,Oscar Bobb,"FW,MF",NOR,2003
1005,Oskar Buur,DF,DEN,1998
1006,Owen Beck,DF,WAL,2002
1007,Owen Bevan,DF,WAL,2003
1008,Owen Otasowie,"MF,FW",USA,2001
1009,Ozan Kabak,DF,TUR,2000
1010,Ozan Tufan,MF,TUR,1995
1011,Pablo Fornals,"FW,MF",ESP,1996
1012,Pablo Hernández,MF,ESP,1985
1013,Pablo Marí,DF,ESP,1993
1014,Pablo Sarabia,"FW,MF",ESP,1992
1015,Pape Matar Sarr,"MF,FW",SEN,2002
1016,Pascal Groß,"MF,DF",GER,1991
1017,Pascal Struijk,"DF,MF",NED,1999
1018,Patrick Bamford,FW,ENG,1993
1019,Patrick Cutrone,FW,ITA,1998
1020,Patrick Dorgu,DF,DEN,2004
1021,Patrick Roberts,"MF,FW",ENG,1997
1022,Patrick van Aanholt,DF,NED,1990
1023,Patson Daka,FW,ZAM,1998
1024,Pau Torres,DF,ESP,1997
1025,Paul Dummett,DF,WAL,1991
1026,Paul Onuachu,FW,NGA,1994
1027,Paul Pogba,"MF,FW",FRA,1993
1028,Pedro Lima,DF,BRA,2006
1029,Pedro Neto,"FW,MF",POR,2000
1030,Pedro Porro,"DF,MF",ESP,1999
1031,Pelly Ruddock Mpanzu,MF,COD,1993
1032,Percy Tau,FW,RSA,1994
1033,Pervis Estupiñán,DF,ECU,1998
1034,Phil Bardsley,DF,SCO,1985
1035,Phil Foden,"FW,MF",ENG,2000
1036,Phil Jagielka,DF,ENG,1982
1037,Phil Jones,DF,ENG,1992
1038,Philip Billing,"MF,FW",DEN,1996
1039,Philippe Coutinho,"MF,FW",BRA,1992
1040,Piero Hincapié,DF,ECU,2002
1041,Pierre Højbjerg,MF,DEN,1995
1042,Pierre Lees-Melou,MF,FRA,1993
1043,Pierre-Emerick Aubameyang,FW,GAB,1989
1044,Pontus Jansson,DF,SWE,1991
1045,Przemysław Płacheta,"FW,MF",POL,1998
1046,Quilindschy Hartman,DF,NED,2001
1047,Radu Drăgușin,DF,ROU,2002
1048,Raheem Sterling,FW,ENG,1994
1049,Ramón Sosa,"FW,MF",PAR,1999
1050,Randal Kolo Muani,FW,FRA,1998
1051,Raphaël Varane,DF,FRA,1993
1052,Raphinha,"MF,FW",BRA,1996
1053,Rasmus Højlund,FW,DEN,2003
1054,Rasmus Kristensen,DF,DEN,1997
1055,Rayan Aït-Nouri,DF,ALG,2001
1056,Rayan Cherki,"MF,FW",FRA,2003
1057,Raúl Jiménez,FW,MEX,1991
1058,Reda Khadra,MF,GER,2001
1059,Reece Burke,DF,ENG,1996
1060,Reece James,DF,ENG,1999
1061,Reinildo Mandava,"DF,MF",MOZ,1994
1062,Reiss Nelson,"FW,MF",ENG,1999
1063,Rekeem Harper,MF,ENG,2000
1064,Remi Matthews,GK,ENG,1994
1065,Remo Freuler,MF,SUI,1992
1066,Remy Rees-Dottin,FW,ENG,2006
1067,Renan Lodi,DF,BRA,1998
1068,Renato Veiga,"DF,MF",POR,2003
1069,Rhian Brewster,"FW,MF",ENG,2000
1070,Rhys Norrington-Davies,DF,WAL,1999
1071,Rhys Williams,DF,ENG,2001
1072,Ricardo Pereira,"DF,FW",POR,1993
1073,Riccardo Calafiori,DF,ITA,2002
1074,Richarlison,FW,BRA,1997
1075,Rico Henry,DF,ENG,1997
1076,Rico Lewis,"DF,MF",ENG,2004
1077,Rio Ngumoha,"FW,MF",ENG,2008
1078,Riyad Mahrez,FW,ALG,1991
1079,Rob Holding,DF,ENG,1995
1080,Robbie Brady,MF,IRL,1992
1081,Robert Snodgrass,"MF,FW",SCO,1987
1082,Robert Sánchez,GK,ESP,1997
1083,Roberto Firmino,FW,BRA,1991
1084,Robin Koch,"DF,MF",GER,1996
1085,Robin Olsen,GK,SWE,1990
1086,Robin Roefs,GK,NED,2003
1087,Rodri,MF,ESP,1996
1088,Rodrigo,"MF,FW",ESP,1991
1089,Rodrigo Bentancur,MF,URU,1997
1090,Rodrigo Gomes,"DF,FW",POR,2003
1091,Rodrigo Muniz,FW,BRA,2001
1092,Rodrigo Ribeiro,"MF,FW",POR,2005
1093,Romain Esse,MF,ENG,2005
1094,Romain Faivre,"MF,FW",FRA,1998
1095,Romain Perraud,DF,FRA,1997
1096,Romain Saïss,DF,MAR,1990
1097,Romaine Mundle,"FW,MF",ENG,2003
1098,Romaine Sawyers,MF,SKN,1991
1099,Roman Dixon,DF,ENG,2004
1100,Romelu Lukaku,FW,BEL,1993
1101,Roméo Lavia,MF,BEL,2004
1102,Ronnie Edwards,DF,ENG,2003
1103,Ross Barkley,MF,ENG,1993
1104,Ross Stewart,FW,SCO,1996
1105,Ruben Loftus-Cheek,FW,ENG,1996
1106,Rui Patrício,GK,POR,1988
1107,Ryan Bertrand,DF,ENG,1989
1108,Ryan Christie,"MF,FW",SCO,1995
1109,Ryan Fraser,"FW,MF",SCO,1994
1110,Ryan Fredericks,"DF,FW",ENG,1992
1111,Ryan Giles,"DF,MF",ENG,2000
1112,Ryan Gravenberch,MF,NED,2002
1113,Ryan Manning,"DF,MF",IRL,1996
1114,Ryan One,FW,SCO,2006
1115,Ryan Sessegnon,"DF,MF",ENG,2000
1116,Ryan Trevitt,MF,ENG,2003
1117,Ryan Yates,MF,ENG,1997
1118,Rúben Dias,DF,POR,1997
1119,Rúben Neves,MF,POR,1997
1120,Rúben Vinagre,"MF,DF",POR,1999
1121,Rúnar Alex Rúnarsson,GK,ISL,1995
1122,Sadio Mané,FW,SEN,1992
1123,Salomón Rondón,FW,VEN,1989
1124,Sam Byram,DF,ENG,1993
1125,Sam Curtis,DF,IRL,2005
1126,Sam Field,MF,ENG,1998
1127,Sam Greenwood,"MF,FW",ENG,2002
1128,Sam Johnstone,GK,ENG,1993
1129,Sam Morsy,MF,EGY,1991
1130,Sam Surridge,FW,ENG,1998
1131,Saman Ghoddos,"MF,DF",IRN,1993
1132,Samir Santos,DF,BRA,1994
1133,Sammie Szmodics,"FW,MF",IRL,1995
1134,Samuel Amo-Ameyaw,MF,ENG,2006
1135,Samuel Chukwueze,FW,NGA,1999
1136,Samuel Edozie,"FW,MF",ENG,2003
1137,Samuel Kalu,FW,NGA,1997
1138,Sander Berge,MF,NOR,1998
1139,Sandro Tonali,MF,ITA,2000
1140,Santiago Bueno,DF,URU,1998
1141,Sasa Kalajdzic,FW,AUT,1997
1142,Saïd Benrahma,"FW,MF",ALG,1995
1143,Saúl Ñíguez,"DF,MF",ESP,1994
1144,Saša Lukić,MF,SRB,1996
1145,Scott Carson,GK,ENG,1985
1146,Scott Dann,DF,ENG,1987
1147,Scott McKenna,DF,SCO,1996
1148,Scott McTominay,MF,SCO,1996
1149,Sead Kolašinac,DF,BIH,1993
1150,Sean Longstaff,MF,ENG,1997
1151,Sekou Mara,"FW,MF",FRA,2002
1152,Semi Ajayi,DF,NGA,1993
1153,Senne Lammens,GK,BEL,2002
1154,Sepp van den Berg,DF,NED,2001
1155,Serge Aurier,DF,CIV,1992
1156,Sergi Canós,"DF,FW",ESP,1997
1157,Sergio Agüero,FW,ARG,1988
1158,Sergio Gómez,"DF,MF",ESP,2000
1159,Sergio Reguilón,DF,ESP,1996
1160,Shandon Baptiste,MF,GRN,1998
1161,Shane Duffy,DF,IRL,1992
1162,Shane Long,FW,IRL,1987
1163,Shea Charles,DF,NIR,2003
1164,Shkodran Mustafi,DF,GER,1992
1165,Shola Shoretire,FW,ENG,2004
1166,Shumaira Mheuka,MF,ENG,2007
1167,Sidnei Tavares,MF,,2001
1168,Simon Adingra,FW,CIV,2002
1169,Siriki Dembélé,"FW,MF",CIV,1996
1170,Sofyan Amrabat,"MF,DF",MAR,1996
1171,Solly March,"DF,MF",ENG,1994
1172,Son Heung-min,FW,KOR,1992
1173,Sonny Perkins,MF,ENG,2004
1174,Soungoutou Magassa,MF,FRA,2003
1175,Stefan Bajcetic,MF,ESP,2004
1176,Stefan Ortega,GK,GER,1992
1177,Stefanos Tzimas,"FW,MF",GRE,2006
1178,Stephy Mavididi,FW,ENG,1998
1179,Steve Cook,DF,ENG,1991
1180,Steven Alzate,MF,COL,1998
1181,Steven Bergwijn,"FW,MF",NED,1997
1182,Stuart Armstrong,MF,SCO,1992
1183,Stuart Dallas,"MF,DF",NIR,1991
1184,Stuart McKinstry,MF,SCO,2002
1185,Sven Botman,DF,NED,2000
1186,Sydie Peck,MF,ENG,2004
1187,Sávio,"FW,MF",BRA,2004
1188,Séamus Coleman,"DF,MF",IRL,1988
1189,Sébastien Haller,FW,CIV,1994
1190,Tahith Chong,"MF,FW",CUW,1999
1191,Taiwo Awoniyi,FW,NGA,1997
1192,Takehiro Tomiyasu,DF,JPN,1998
1193,Takumi Minamino,"MF,FW",JPN,1995
1194,Tammy Abraham,FW,ENG,1997
1195,Tanguy Ndombele,MF,FRA,1996
1196,Tariq Lamptey,"DF,MF",GHA,2000
1197,Tariqe Fosu,DF,GHA,1995
1198,Tawanda Chirewa,"MF,FW",ZIM,2003
1199,Taylor Harwood-Bellis,DF,ENG,2002
1200,Taylor Richards,MF,ENG,2000
1201,Teden Mengi,DF,ENG,2002
1202,Teemu Pukki,FW,FIN,1990
1203,Terence Kongolo,DF,NED,1994
1204,Tetê,FW,BRA,2000
1205,Theo Corbeanu,FW,CAN,2002
1206,Theo Walcott,FW,ENG,1989
1207,Thiago,"FW,MF",BRA,2001
1208,Thiago Alcántara,MF,ESP,1991
1209,Thiago Silva,DF,BRA,1984
1210,Thierno Barry,FW,FRA,2002
1211,Thilo Kehrer,DF,GER,1996
1212,Thomas Cannon,FW,IRL,2002
1213,Thomas Kaminski,GK,BEL,1992
1214,Thomas Partey,MF,GHA,1993
1215,Thomas Strakosha,GK,ALB,1995
1216,Tijjani Reijnders,MF,NED,1998
1217,Tim Iroegbunam,MF,ENG,2003
1218,Tim Krul,GK,NED,1988
1219,Tim Ream,DF,USA,1987
1220,Timo Werner,"FW,MF",GER,1996
1221,Timothy Castagne,DF,BEL,1995
1222,Timothy Fosu-Mensah,DF,NED,1998
1223,Toby Alderweireld,DF,BEL,1989
1224,Toby Collyer,MF,ENG,2004
1225,Todd Cantwell,"FW,MF",ENG,1998
1226,Tolu Arokodare,FW,NGA,2000
1227,Tom Cairney,MF,SCO,1991
1228,Tom Cleverley,MF,ENG,1989
1229,Tom Davies,MF,ENG,1998
1230,Tom King,GK,WAL,1995
1231,Tom Lockyer,DF,WAL,1994
1232,Tom Watson,FW,ENG,2006
1233,Tommy Doyle,MF,ENG,2001
1234,Tomáš Souček,MF,CZE,1995
1235,Tony Springett,"MF,FW",IRL,2002
1236,Tosin Adarabioyo,DF,ENG,1997
1237,Toti Gomes,DF,POR,1999
1238,Trai Hume,"DF,MF",NIR,2002
1239,Trent Alexander-Arnold,DF,ENG,1998
1240,Trevoh Chalobah,DF,ENG,1999
1241,Troy Deeney,FW,ENG,1988
1242,Trézéguet,FW,EGY,1994
1243,Tyler Adams,MF,USA,1999
1244,Tyler Dibling,"FW,MF",ENG,2006
1245,Tyler Fredricson,DF,ENG,2005
1246,Tyler Morton,MF,ENG,2002
1247,Tyler Onyango,MF,ENG,2003
1248,Tyler Roberts,"MF,FW",WAL,1999
1249,Tyrell Malacia,DF,NED,1999
1250,Tyrese Francois,DF,AUS,2000
1251,Tyrick Mitchell,DF,ENG,1999
1252,Tyrique George,FW,ENG,2006
1253,Tyrone Mings,DF,ENG,1993
1254,Valentino Livramento,DF,ENG,2002
1255,Valentín Barco,"DF,FW",ARG,2004
1256,Veljko Milosavljević,DF,SRB,2007
1257,Vicente Guaita,GK,ESP,1987
1258,Victor Bernth Kristiansen,DF,DEN,2002
1259,Victor Lindelöf,DF,SWE,1994
1260,Viktor Gyökeres,FW,SWE,1998
1261,Vinicius Souza,MF,BRA,1999
1262,Virgil van Dijk,DF,NED,1991
1263,Vitaliy Mykolenko,DF,UKR,1999
1264,Vitaly Janelt,MF,GER,1998
1265,Vitezslav Jaros,GK,CZE,2001
1266,Vitinha,MF,POR,2000
1267,Vitinho,"DF,MF",BRA,1999
1268,Vitor Reis,DF,BRA,2006
1269,Vladimír Coufal,DF,CZE,1992
1270,Wataru Endo,MF,JPN,1993
1271,Wayne Hennessey,GK,WAL,1987
1272,Welington,DF,BRA,2001
1273,Wes Burns,"FW,DF",WAL,1994
1274,Wes Foderingham,GK,ENG,1991
1275,Wes Morgan,DF,JAM,1984
1276,Wesley Fofana,DF,FRA,2000
1277,Wesley Moraes,FW,BRA,1996
1278,Weston McKennie,MF,USA,1998
1279,Wilfred Ndidi,"MF,DF",NGA,1996
1280,Wilfried Gnonto,"FW,MF",ITA,2003
1281,Wilfried Zaha,FW,CIV,1992
1282,Will Alves,FW,ENG,2005
1283,Will Fish,FW,ENG,2003
1284,Will Hughes,MF,ENG,1995
1285,Will Lankshear,"FW,MF",ENG,2005
1286,Will Norris,GK,ENG,1993
1287,William Osula,FW,DEN,2003
1288,William Saliba,DF,FRA,2001
1289,William Smallbone,MF,IRL,2000
1290,William Troost-Ekong,DF,NGA,1993
1291,Willian,FW,BRA,1988
1292,Willian José,FW,BRA,1991
1293,Willy Boly,DF,CIV,1991
1294,Willy Caballero,GK,ARG,1981
1295,Willy Kambwala,DF,FRA,2004
1296,Wilson Isidor,FW,FRA,2000
1297,Wilson Odobert,"MF,FW",FRA,2004
1298,Wout Faes,DF,BEL,1998
1299,Wout Weghorst,FW,NED,1992
1300,Woyo Coulibaly,DF,MLI,1999
1301,Xavi Simons,"MF,FW",NED,2003
1302,Xherdan Shaqiri,"MF,FW",SUI,1991
1303,Yan Valery,"DF,MF",TUN,1999
1304,Yankuba Minteh,"FW,MF",GAM,2004
1305,Yasin Ayari,MF,SWE,2003
1306,Yasser Larouci,DF,ALG,2001
1307,Yehor Yarmoliuk,MF,UKR,2004
1308,Yeremi Pino,"MF,FW",ESP,2002
1309,Yerry Mina,DF,COL,1994
1310,Yerson Mosquera,DF,COL,2001
1311,Yoane Wissa,FW,COD,1996
1312,Youri Tielemans,MF,BEL,1997
1313,Youssef Chermiti,FW,POR,2004
1314,Yukinari Sugawara,"DF,MF",JPN,2000
1315,Yunus Emre Konak,"FW,MF",TUR,2006
1316,Yves Bissouma,MF,MLI,1996
1317,Zack Nelson,"MF,DF",ENG,2004
1318,Zack Steffen,GK,USA,1995
1319,Zain Silcott-Duberry,FW,MSR,2005
1320,Zeki Amdouni,FW,SUI,2000
1321,Zian Flemming,"FW,MF",NED,1998
1322,Álex Jiménez,DF,ESP,2005
1323,Álex Moreno,DF,ESP,1993
1324,Álvaro Fernández,GK,ESP,1998
1325,Çağlar Söyüncü,DF,TUR,1996
1326,Érik Lamela,"FW,MF",ARG,1992
1327,Đorđe Petrović,GK,SRB,1999
1328,İlkay Gündoğan,MF,GER,1990
1329,Łukasz Fabiański,GK,POL,1985
